"Gene","Group"
"ADD1","HALLMARK_APOPTOSIS"
"AIFM3","HALLMARK_APOPTOSIS"
"ANKH","HALLMARK_APOPTOSIS"
"ANXA1","HALLMARK_APOPTOSIS"
"APP","HALLMARK_APOPTOSIS"
"ATF3","HALLMARK_APOPTOSIS"
"AVPR1A","HALLMARK_APOPTOSIS"
"BAX","HALLMARK_APOPTOSIS"
"BCAP31","HALLMARK_APOPTOSIS"
"BCL10","HALLMARK_APOPTOSIS"
"BCL2L1","HALLMARK_APOPTOSIS"
"BCL2L10","HALLMARK_APOPTOSIS"
"BCL2L11","HALLMARK_APOPTOSIS"
"BCL2L2","HALLMARK_APOPTOSIS"
"BGN","HALLMARK_APOPTOSIS"
"BID","HALLMARK_APOPTOSIS"
"BIK","HALLMARK_APOPTOSIS"
"BIRC3","HALLMARK_APOPTOSIS"
"BMF","HALLMARK_APOPTOSIS"
"BMP2","HALLMARK_APOPTOSIS"
"BNIP3L","HALLMARK_APOPTOSIS"
"BRCA1","HALLMARK_APOPTOSIS"
"BTG2","HALLMARK_APOPTOSIS"
"BTG3","HALLMARK_APOPTOSIS"
"CASP1","HALLMARK_APOPTOSIS"
"CASP2","HALLMARK_APOPTOSIS"
"CASP3","HALLMARK_APOPTOSIS"
"CASP4","HALLMARK_APOPTOSIS"
"CASP6","HALLMARK_APOPTOSIS"
"CASP7","HALLMARK_APOPTOSIS"
"CASP8","HALLMARK_APOPTOSIS"
"CASP9","HALLMARK_APOPTOSIS"
"CAV1","HALLMARK_APOPTOSIS"
"CCNA1","HALLMARK_APOPTOSIS"
"CCND1","HALLMARK_APOPTOSIS"
"CCND2","HALLMARK_APOPTOSIS"
"CD14","HALLMARK_APOPTOSIS"
"CD2","HALLMARK_APOPTOSIS"
"CD38","HALLMARK_APOPTOSIS"
"CD44","HALLMARK_APOPTOSIS"
"CD69","HALLMARK_APOPTOSIS"
"CDC25B","HALLMARK_APOPTOSIS"
"CDK2","HALLMARK_APOPTOSIS"
"CDKN1A","HALLMARK_APOPTOSIS"
"CDKN1B","HALLMARK_APOPTOSIS"
"CFLAR","HALLMARK_APOPTOSIS"
"CLU","HALLMARK_APOPTOSIS"
"CREBBP","HALLMARK_APOPTOSIS"
"CTH","HALLMARK_APOPTOSIS"
"CTNNB1","HALLMARK_APOPTOSIS"
"CYLD","HALLMARK_APOPTOSIS"
"DAP","HALLMARK_APOPTOSIS"
"DAP3","HALLMARK_APOPTOSIS"
"DCN","HALLMARK_APOPTOSIS"
"DDIT3","HALLMARK_APOPTOSIS"
"DFFA","HALLMARK_APOPTOSIS"
"DIABLO","HALLMARK_APOPTOSIS"
"DNAJA1","HALLMARK_APOPTOSIS"
"DNAJC3","HALLMARK_APOPTOSIS"
"DNM1L","HALLMARK_APOPTOSIS"
"DPYD","HALLMARK_APOPTOSIS"
"EBP","HALLMARK_APOPTOSIS"
"EGR3","HALLMARK_APOPTOSIS"
"EMP1","HALLMARK_APOPTOSIS"
"ENO2","HALLMARK_APOPTOSIS"
"ERBB2","HALLMARK_APOPTOSIS"
"ERBB3","HALLMARK_APOPTOSIS"
"EREG","HALLMARK_APOPTOSIS"
"ETF1","HALLMARK_APOPTOSIS"
"F2","HALLMARK_APOPTOSIS"
"F2R","HALLMARK_APOPTOSIS"
"FAS","HALLMARK_APOPTOSIS"
"FASLG","HALLMARK_APOPTOSIS"
"FDXR","HALLMARK_APOPTOSIS"
"FEZ1","HALLMARK_APOPTOSIS"
"GADD45A","HALLMARK_APOPTOSIS"
"GADD45B","HALLMARK_APOPTOSIS"
"GCH1","HALLMARK_APOPTOSIS"
"GNA15","HALLMARK_APOPTOSIS"
"GPX1","HALLMARK_APOPTOSIS"
"GPX3","HALLMARK_APOPTOSIS"
"GPX4","HALLMARK_APOPTOSIS"
"GSN","HALLMARK_APOPTOSIS"
"GSR","HALLMARK_APOPTOSIS"
"GSTM1","HALLMARK_APOPTOSIS"
"GUCY2D","HALLMARK_APOPTOSIS"
"H1F0","HALLMARK_APOPTOSIS"
"HGF","HALLMARK_APOPTOSIS"
"HMGB2","HALLMARK_APOPTOSIS"
"HMOX1","HALLMARK_APOPTOSIS"
"HSPB1","HALLMARK_APOPTOSIS"
"IER3","HALLMARK_APOPTOSIS"
"IFITM3","HALLMARK_APOPTOSIS"
"IFNB1","HALLMARK_APOPTOSIS"
"IFNGR1","HALLMARK_APOPTOSIS"
"IGF2R","HALLMARK_APOPTOSIS"
"IGFBP6","HALLMARK_APOPTOSIS"
"IL18","HALLMARK_APOPTOSIS"
"IL1A","HALLMARK_APOPTOSIS"
"IL1B","HALLMARK_APOPTOSIS"
"IL6","HALLMARK_APOPTOSIS"
"IRF1","HALLMARK_APOPTOSIS"
"ISG20","HALLMARK_APOPTOSIS"
"JUN","HALLMARK_APOPTOSIS"
"KRT18","HALLMARK_APOPTOSIS"
"LEF1","HALLMARK_APOPTOSIS"
"LGALS3","HALLMARK_APOPTOSIS"
"LMNA","HALLMARK_APOPTOSIS"
"LPPR4","HALLMARK_APOPTOSIS"
"LUM","HALLMARK_APOPTOSIS"
"MADD","HALLMARK_APOPTOSIS"
"MCL1","HALLMARK_APOPTOSIS"
"MGMT","HALLMARK_APOPTOSIS"
"MMP2","HALLMARK_APOPTOSIS"
"NEDD9","HALLMARK_APOPTOSIS"
"NEFH","HALLMARK_APOPTOSIS"
"PAK1","HALLMARK_APOPTOSIS"
"PDCD4","HALLMARK_APOPTOSIS"
"PDGFRB","HALLMARK_APOPTOSIS"
"PEA15","HALLMARK_APOPTOSIS"
"PLAT","HALLMARK_APOPTOSIS"
"PLCB2","HALLMARK_APOPTOSIS"
"PMAIP1","HALLMARK_APOPTOSIS"
"PPP2R5B","HALLMARK_APOPTOSIS"
"PPP3R1","HALLMARK_APOPTOSIS"
"PPT1","HALLMARK_APOPTOSIS"
"PRF1","HALLMARK_APOPTOSIS"
"PSEN1","HALLMARK_APOPTOSIS"
"PSEN2","HALLMARK_APOPTOSIS"
"PTK2","HALLMARK_APOPTOSIS"
"RARA","HALLMARK_APOPTOSIS"
"RELA","HALLMARK_APOPTOSIS"
"RETSAT","HALLMARK_APOPTOSIS"
"RHOB","HALLMARK_APOPTOSIS"
"RHOT2","HALLMARK_APOPTOSIS"
"RNASEL","HALLMARK_APOPTOSIS"
"ROCK1","HALLMARK_APOPTOSIS"
"SAT1","HALLMARK_APOPTOSIS"
"SATB1","HALLMARK_APOPTOSIS"
"SC5DL","HALLMARK_APOPTOSIS"
"SLC20A1","HALLMARK_APOPTOSIS"
"SMAD7","HALLMARK_APOPTOSIS"
"SOD1","HALLMARK_APOPTOSIS"
"SOD2","HALLMARK_APOPTOSIS"
"SPTAN1","HALLMARK_APOPTOSIS"
"SQSTM1","HALLMARK_APOPTOSIS"
"TAP1","HALLMARK_APOPTOSIS"
"TGFB2","HALLMARK_APOPTOSIS"
"TGFBR3","HALLMARK_APOPTOSIS"
"TIMP1","HALLMARK_APOPTOSIS"
"TIMP2","HALLMARK_APOPTOSIS"
"TIMP3","HALLMARK_APOPTOSIS"
"TNF","HALLMARK_APOPTOSIS"
"TNFRSF12A","HALLMARK_APOPTOSIS"
"TNFSF10","HALLMARK_APOPTOSIS"
"TOP2A","HALLMARK_APOPTOSIS"
"TSPO","HALLMARK_APOPTOSIS"
"TXNIP","HALLMARK_APOPTOSIS"
"VDAC2","HALLMARK_APOPTOSIS"
"WEE1","HALLMARK_APOPTOSIS"
"XIAP","HALLMARK_APOPTOSIS"
"C12orf5","GO_INTESTINAL_EPITHELIAL_CELL_DEVELOPMENT"
"C1GALT1","GO_INTESTINAL_EPITHELIAL_CELL_DEVELOPMENT"
"CDKN1A","GO_INTESTINAL_EPITHELIAL_CELL_DEVELOPMENT"
"HIF1A","GO_INTESTINAL_EPITHELIAL_CELL_DEVELOPMENT"
"HOXA5","GO_INTESTINAL_EPITHELIAL_CELL_DEVELOPMENT"
"KLF5","GO_INTESTINAL_EPITHELIAL_CELL_DEVELOPMENT"
"NKX3-2","GO_INTESTINAL_EPITHELIAL_CELL_DEVELOPMENT"
"PRDM1","GO_INTESTINAL_EPITHELIAL_CELL_DEVELOPMENT"
"SPDEF","GO_INTESTINAL_EPITHELIAL_CELL_DEVELOPMENT"
"TYMS","GO_INTESTINAL_EPITHELIAL_CELL_DEVELOPMENT"
"YIPF6","GO_INTESTINAL_EPITHELIAL_CELL_DEVELOPMENT"
"C12orf5","GO_INTESTINAL_EPITHELIAL_CELL_DIFFERENTIATION"
"C1GALT1","GO_INTESTINAL_EPITHELIAL_CELL_DIFFERENTIATION"
"CDKN1A","GO_INTESTINAL_EPITHELIAL_CELL_DIFFERENTIATION"
"CDX2","GO_INTESTINAL_EPITHELIAL_CELL_DIFFERENTIATION"
"GATA4","GO_INTESTINAL_EPITHELIAL_CELL_DIFFERENTIATION"
"GATA5","GO_INTESTINAL_EPITHELIAL_CELL_DIFFERENTIATION"
"GATA6","GO_INTESTINAL_EPITHELIAL_CELL_DIFFERENTIATION"
"HIF1A","GO_INTESTINAL_EPITHELIAL_CELL_DIFFERENTIATION"
"HOXA5","GO_INTESTINAL_EPITHELIAL_CELL_DIFFERENTIATION"
"KLF5","GO_INTESTINAL_EPITHELIAL_CELL_DIFFERENTIATION"
"NKX3-2","GO_INTESTINAL_EPITHELIAL_CELL_DIFFERENTIATION"
"PRDM1","GO_INTESTINAL_EPITHELIAL_CELL_DIFFERENTIATION"
"PTK6","GO_INTESTINAL_EPITHELIAL_CELL_DIFFERENTIATION"
"SAV1","GO_INTESTINAL_EPITHELIAL_CELL_DIFFERENTIATION"
"SPDEF","GO_INTESTINAL_EPITHELIAL_CELL_DIFFERENTIATION"
"TYMS","GO_INTESTINAL_EPITHELIAL_CELL_DIFFERENTIATION"
"YIPF6","GO_INTESTINAL_EPITHELIAL_CELL_DIFFERENTIATION"
"AICDA","KEGG_INTESTINAL_IMMUNE_NETWORK_FOR_IGA_PRODUCTION"
"CCL25","KEGG_INTESTINAL_IMMUNE_NETWORK_FOR_IGA_PRODUCTION"
"CCL27","KEGG_INTESTINAL_IMMUNE_NETWORK_FOR_IGA_PRODUCTION"
"CCL28","KEGG_INTESTINAL_IMMUNE_NETWORK_FOR_IGA_PRODUCTION"
"CCR10","KEGG_INTESTINAL_IMMUNE_NETWORK_FOR_IGA_PRODUCTION"
"CCR9","KEGG_INTESTINAL_IMMUNE_NETWORK_FOR_IGA_PRODUCTION"
"CD28","KEGG_INTESTINAL_IMMUNE_NETWORK_FOR_IGA_PRODUCTION"
"CD40","KEGG_INTESTINAL_IMMUNE_NETWORK_FOR_IGA_PRODUCTION"
"CD40LG","KEGG_INTESTINAL_IMMUNE_NETWORK_FOR_IGA_PRODUCTION"
"CD80","KEGG_INTESTINAL_IMMUNE_NETWORK_FOR_IGA_PRODUCTION"
"CD86","KEGG_INTESTINAL_IMMUNE_NETWORK_FOR_IGA_PRODUCTION"
"CXCL12","KEGG_INTESTINAL_IMMUNE_NETWORK_FOR_IGA_PRODUCTION"
"CXCR4","KEGG_INTESTINAL_IMMUNE_NETWORK_FOR_IGA_PRODUCTION"
"HLA-DMA","KEGG_INTESTINAL_IMMUNE_NETWORK_FOR_IGA_PRODUCTION"
"HLA-DMB","KEGG_INTESTINAL_IMMUNE_NETWORK_FOR_IGA_PRODUCTION"
"HLA-DOA","KEGG_INTESTINAL_IMMUNE_NETWORK_FOR_IGA_PRODUCTION"
"HLA-DOB","KEGG_INTESTINAL_IMMUNE_NETWORK_FOR_IGA_PRODUCTION"
"HLA-DPA1","KEGG_INTESTINAL_IMMUNE_NETWORK_FOR_IGA_PRODUCTION"
"HLA-DPB1","KEGG_INTESTINAL_IMMUNE_NETWORK_FOR_IGA_PRODUCTION"
"HLA-DQA1","KEGG_INTESTINAL_IMMUNE_NETWORK_FOR_IGA_PRODUCTION"
"HLA-DQA2","KEGG_INTESTINAL_IMMUNE_NETWORK_FOR_IGA_PRODUCTION"
"HLA-DQB1","KEGG_INTESTINAL_IMMUNE_NETWORK_FOR_IGA_PRODUCTION"
"HLA-DRA","KEGG_INTESTINAL_IMMUNE_NETWORK_FOR_IGA_PRODUCTION"
"HLA-DRB1","KEGG_INTESTINAL_IMMUNE_NETWORK_FOR_IGA_PRODUCTION"
"HLA-DRB3","KEGG_INTESTINAL_IMMUNE_NETWORK_FOR_IGA_PRODUCTION"
"HLA-DRB4","KEGG_INTESTINAL_IMMUNE_NETWORK_FOR_IGA_PRODUCTION"
"HLA-DRB5","KEGG_INTESTINAL_IMMUNE_NETWORK_FOR_IGA_PRODUCTION"
"ICOS","KEGG_INTESTINAL_IMMUNE_NETWORK_FOR_IGA_PRODUCTION"
"ICOSLG","KEGG_INTESTINAL_IMMUNE_NETWORK_FOR_IGA_PRODUCTION"
"IL10","KEGG_INTESTINAL_IMMUNE_NETWORK_FOR_IGA_PRODUCTION"
"IL15","KEGG_INTESTINAL_IMMUNE_NETWORK_FOR_IGA_PRODUCTION"
"IL15RA","KEGG_INTESTINAL_IMMUNE_NETWORK_FOR_IGA_PRODUCTION"
"IL2","KEGG_INTESTINAL_IMMUNE_NETWORK_FOR_IGA_PRODUCTION"
"IL4","KEGG_INTESTINAL_IMMUNE_NETWORK_FOR_IGA_PRODUCTION"
"IL5","KEGG_INTESTINAL_IMMUNE_NETWORK_FOR_IGA_PRODUCTION"
"IL6","KEGG_INTESTINAL_IMMUNE_NETWORK_FOR_IGA_PRODUCTION"
"ITGA4","KEGG_INTESTINAL_IMMUNE_NETWORK_FOR_IGA_PRODUCTION"
"ITGB7","KEGG_INTESTINAL_IMMUNE_NETWORK_FOR_IGA_PRODUCTION"
"LTBR","KEGG_INTESTINAL_IMMUNE_NETWORK_FOR_IGA_PRODUCTION"
"MADCAM1","KEGG_INTESTINAL_IMMUNE_NETWORK_FOR_IGA_PRODUCTION"
"MAP3K14","KEGG_INTESTINAL_IMMUNE_NETWORK_FOR_IGA_PRODUCTION"
"PIGR","KEGG_INTESTINAL_IMMUNE_NETWORK_FOR_IGA_PRODUCTION"
"TGFB1","KEGG_INTESTINAL_IMMUNE_NETWORK_FOR_IGA_PRODUCTION"
"TNFRSF13B","KEGG_INTESTINAL_IMMUNE_NETWORK_FOR_IGA_PRODUCTION"
"TNFRSF13C","KEGG_INTESTINAL_IMMUNE_NETWORK_FOR_IGA_PRODUCTION"
"TNFRSF17","KEGG_INTESTINAL_IMMUNE_NETWORK_FOR_IGA_PRODUCTION"
"TNFSF13","KEGG_INTESTINAL_IMMUNE_NETWORK_FOR_IGA_PRODUCTION"
"TNFSF13B","KEGG_INTESTINAL_IMMUNE_NETWORK_FOR_IGA_PRODUCTION"
"ACTA1","HALLMARK_APICAL_JUNCTION"
"ACTB","HALLMARK_APICAL_JUNCTION"
"ACTC1","HALLMARK_APICAL_JUNCTION"
"ACTG1","HALLMARK_APICAL_JUNCTION"
"ACTG2","HALLMARK_APICAL_JUNCTION"
"ACTN1","HALLMARK_APICAL_JUNCTION"
"ACTN2","HALLMARK_APICAL_JUNCTION"
"ACTN3","HALLMARK_APICAL_JUNCTION"
"ACTN4","HALLMARK_APICAL_JUNCTION"
"ADAM15","HALLMARK_APICAL_JUNCTION"
"ADAM23","HALLMARK_APICAL_JUNCTION"
"ADAM9","HALLMARK_APICAL_JUNCTION"
"ADAMTS5","HALLMARK_APICAL_JUNCTION"
"ADRA1B","HALLMARK_APICAL_JUNCTION"
"AKT2","HALLMARK_APICAL_JUNCTION"
"AKT3","HALLMARK_APICAL_JUNCTION"
"ALOX15B","HALLMARK_APICAL_JUNCTION"
"AMH","HALLMARK_APICAL_JUNCTION"
"AMIGO1","HALLMARK_APICAL_JUNCTION"
"AMIGO2","HALLMARK_APICAL_JUNCTION"
"ARHGEF6","HALLMARK_APICAL_JUNCTION"
"ARPC2","HALLMARK_APICAL_JUNCTION"
"ATP1A3","HALLMARK_APICAL_JUNCTION"
"B4GALT1","HALLMARK_APICAL_JUNCTION"
"BAIAP2","HALLMARK_APICAL_JUNCTION"
"BMP1","HALLMARK_APICAL_JUNCTION"
"CADM2","HALLMARK_APICAL_JUNCTION"
"CADM3","HALLMARK_APICAL_JUNCTION"
"CALB2","HALLMARK_APICAL_JUNCTION"
"CAP1","HALLMARK_APICAL_JUNCTION"
"CD209","HALLMARK_APICAL_JUNCTION"
"CD274","HALLMARK_APICAL_JUNCTION"
"CD276","HALLMARK_APICAL_JUNCTION"
"CD34","HALLMARK_APICAL_JUNCTION"
"CD86","HALLMARK_APICAL_JUNCTION"
"CD99","HALLMARK_APICAL_JUNCTION"
"CDH1","HALLMARK_APICAL_JUNCTION"
"CDH11","HALLMARK_APICAL_JUNCTION"
"CDH15","HALLMARK_APICAL_JUNCTION"
"CDH3","HALLMARK_APICAL_JUNCTION"
"CDH4","HALLMARK_APICAL_JUNCTION"
"CDH6","HALLMARK_APICAL_JUNCTION"
"CDH8","HALLMARK_APICAL_JUNCTION"
"CDK8","HALLMARK_APICAL_JUNCTION"
"CDSN","HALLMARK_APICAL_JUNCTION"
"CERCAM","HALLMARK_APICAL_JUNCTION"
"CLDN11","HALLMARK_APICAL_JUNCTION"
"CLDN14","HALLMARK_APICAL_JUNCTION"
"CLDN15","HALLMARK_APICAL_JUNCTION"
"CLDN18","HALLMARK_APICAL_JUNCTION"
"CLDN19","HALLMARK_APICAL_JUNCTION"
"CLDN4","HALLMARK_APICAL_JUNCTION"
"CLDN5","HALLMARK_APICAL_JUNCTION"
"CLDN6","HALLMARK_APICAL_JUNCTION"
"CLDN7","HALLMARK_APICAL_JUNCTION"
"CLDN8","HALLMARK_APICAL_JUNCTION"
"CLDN9","HALLMARK_APICAL_JUNCTION"
"CNN2","HALLMARK_APICAL_JUNCTION"
"CNTN1","HALLMARK_APICAL_JUNCTION"
"COL16A1","HALLMARK_APICAL_JUNCTION"
"COL17A1","HALLMARK_APICAL_JUNCTION"
"COL9A1","HALLMARK_APICAL_JUNCTION"
"CRAT","HALLMARK_APICAL_JUNCTION"
"CRB3","HALLMARK_APICAL_JUNCTION"
"CTNNA1","HALLMARK_APICAL_JUNCTION"
"CTNND1","HALLMARK_APICAL_JUNCTION"
"CX3CL1","HALLMARK_APICAL_JUNCTION"
"DHX16","HALLMARK_APICAL_JUNCTION"
"DLG1","HALLMARK_APICAL_JUNCTION"
"DMP1","HALLMARK_APICAL_JUNCTION"
"DSC1","HALLMARK_APICAL_JUNCTION"
"DSC3","HALLMARK_APICAL_JUNCTION"
"EGFR","HALLMARK_APICAL_JUNCTION"
"EPB41L2","HALLMARK_APICAL_JUNCTION"
"EVL","HALLMARK_APICAL_JUNCTION"
"EXOC4","HALLMARK_APICAL_JUNCTION"
"FBN1","HALLMARK_APICAL_JUNCTION"
"FLNC","HALLMARK_APICAL_JUNCTION"
"FSCN1","HALLMARK_APICAL_JUNCTION"
"FYB","HALLMARK_APICAL_JUNCTION"
"GAMT","HALLMARK_APICAL_JUNCTION"
"GNAI1","HALLMARK_APICAL_JUNCTION"
"GNAI2","HALLMARK_APICAL_JUNCTION"
"GRB7","HALLMARK_APICAL_JUNCTION"
"GTF2F1","HALLMARK_APICAL_JUNCTION"
"HADH","HALLMARK_APICAL_JUNCTION"
"HRAS","HALLMARK_APICAL_JUNCTION"
"ICAM1","HALLMARK_APICAL_JUNCTION"
"ICAM2","HALLMARK_APICAL_JUNCTION"
"ICAM4","HALLMARK_APICAL_JUNCTION"
"ICAM5","HALLMARK_APICAL_JUNCTION"
"IKBKG","HALLMARK_APICAL_JUNCTION"
"INPPL1","HALLMARK_APICAL_JUNCTION"
"INSIG1","HALLMARK_APICAL_JUNCTION"
"IRS1","HALLMARK_APICAL_JUNCTION"
"ITGA10","HALLMARK_APICAL_JUNCTION"
"ITGA2","HALLMARK_APICAL_JUNCTION"
"ITGA3","HALLMARK_APICAL_JUNCTION"
"ITGA9","HALLMARK_APICAL_JUNCTION"
"ITGB1","HALLMARK_APICAL_JUNCTION"
"ITGB4","HALLMARK_APICAL_JUNCTION"
"JAM3","HALLMARK_APICAL_JUNCTION"
"JUP","HALLMARK_APICAL_JUNCTION"
"KCNH2","HALLMARK_APICAL_JUNCTION"
"KRT31","HALLMARK_APICAL_JUNCTION"
"LAMA3","HALLMARK_APICAL_JUNCTION"
"LAMB3","HALLMARK_APICAL_JUNCTION"
"LAMC2","HALLMARK_APICAL_JUNCTION"
"LAYN","HALLMARK_APICAL_JUNCTION"
"LDLRAP1","HALLMARK_APICAL_JUNCTION"
"LIMA1","HALLMARK_APICAL_JUNCTION"
"MADCAM1","HALLMARK_APICAL_JUNCTION"
"MAP4K2","HALLMARK_APICAL_JUNCTION"
"MAPK11","HALLMARK_APICAL_JUNCTION"
"MAPK13","HALLMARK_APICAL_JUNCTION"
"MAPK14","HALLMARK_APICAL_JUNCTION"
"MDK","HALLMARK_APICAL_JUNCTION"
"MMP2","HALLMARK_APICAL_JUNCTION"
"MMP9","HALLMARK_APICAL_JUNCTION"
"MPP5","HALLMARK_APICAL_JUNCTION"
"MPZL1","HALLMARK_APICAL_JUNCTION"
"MPZL2","HALLMARK_APICAL_JUNCTION"
"MSN","HALLMARK_APICAL_JUNCTION"
"MVD","HALLMARK_APICAL_JUNCTION"
"MYH10","HALLMARK_APICAL_JUNCTION"
"MYH9","HALLMARK_APICAL_JUNCTION"
"MYL12B","HALLMARK_APICAL_JUNCTION"
"MYL9","HALLMARK_APICAL_JUNCTION"
"NEGR1","HALLMARK_APICAL_JUNCTION"
"NEXN","HALLMARK_APICAL_JUNCTION"
"NF1","HALLMARK_APICAL_JUNCTION"
"NF2","HALLMARK_APICAL_JUNCTION"
"NFASC","HALLMARK_APICAL_JUNCTION"
"NLGN2","HALLMARK_APICAL_JUNCTION"
"NLGN3","HALLMARK_APICAL_JUNCTION"
"NRAP","HALLMARK_APICAL_JUNCTION"
"NRTN","HALLMARK_APICAL_JUNCTION"
"NRXN2","HALLMARK_APICAL_JUNCTION"
"PARD6G","HALLMARK_APICAL_JUNCTION"
"PARVA","HALLMARK_APICAL_JUNCTION"
"PBX2","HALLMARK_APICAL_JUNCTION"
"PCDH1","HALLMARK_APICAL_JUNCTION"
"PDZD3","HALLMARK_APICAL_JUNCTION"
"PECAM1","HALLMARK_APICAL_JUNCTION"
"PFN1","HALLMARK_APICAL_JUNCTION"
"PIK3CB","HALLMARK_APICAL_JUNCTION"
"PIK3R3","HALLMARK_APICAL_JUNCTION"
"PKD1","HALLMARK_APICAL_JUNCTION"
"PLCG1","HALLMARK_APICAL_JUNCTION"
"PPP2R2C","HALLMARK_APICAL_JUNCTION"
"PTEN","HALLMARK_APICAL_JUNCTION"
"PTK2","HALLMARK_APICAL_JUNCTION"
"PTPRC","HALLMARK_APICAL_JUNCTION"
"PVRL1","HALLMARK_APICAL_JUNCTION"
"PVRL2","HALLMARK_APICAL_JUNCTION"
"PVRL3","HALLMARK_APICAL_JUNCTION"
"PVRL4","HALLMARK_APICAL_JUNCTION"
"RAC2","HALLMARK_APICAL_JUNCTION"
"RASA1","HALLMARK_APICAL_JUNCTION"
"RHOF","HALLMARK_APICAL_JUNCTION"
"RRAS","HALLMARK_APICAL_JUNCTION"
"RSU1","HALLMARK_APICAL_JUNCTION"
"SDC3","HALLMARK_APICAL_JUNCTION"
"SGCE","HALLMARK_APICAL_JUNCTION"
"SHC1","HALLMARK_APICAL_JUNCTION"
"SHROOM2","HALLMARK_APICAL_JUNCTION"
"SIRPA","HALLMARK_APICAL_JUNCTION"
"SKAP2","HALLMARK_APICAL_JUNCTION"
"SLC30A3","HALLMARK_APICAL_JUNCTION"
"SLIT2","HALLMARK_APICAL_JUNCTION"
"SORBS3","HALLMARK_APICAL_JUNCTION"
"SPEG","HALLMARK_APICAL_JUNCTION"
"SRC","HALLMARK_APICAL_JUNCTION"
"STX4","HALLMARK_APICAL_JUNCTION"
"SYK","HALLMARK_APICAL_JUNCTION"
"SYMPK","HALLMARK_APICAL_JUNCTION"
"TAOK2","HALLMARK_APICAL_JUNCTION"
"TGFBI","HALLMARK_APICAL_JUNCTION"
"THBS3","HALLMARK_APICAL_JUNCTION"
"THY1","HALLMARK_APICAL_JUNCTION"
"TIAL1","HALLMARK_APICAL_JUNCTION"
"TJP1","HALLMARK_APICAL_JUNCTION"
"TMEM8B","HALLMARK_APICAL_JUNCTION"
"TNFRSF11B","HALLMARK_APICAL_JUNCTION"
"TRAF1","HALLMARK_APICAL_JUNCTION"
"TRO","HALLMARK_APICAL_JUNCTION"
"TSC1","HALLMARK_APICAL_JUNCTION"
"TSPAN4","HALLMARK_APICAL_JUNCTION"
"TUBG1","HALLMARK_APICAL_JUNCTION"
"VASP","HALLMARK_APICAL_JUNCTION"
"VAV2","HALLMARK_APICAL_JUNCTION"
"VCAM1","HALLMARK_APICAL_JUNCTION"
"VCAN","HALLMARK_APICAL_JUNCTION"
"VCL","HALLMARK_APICAL_JUNCTION"
"VWF","HALLMARK_APICAL_JUNCTION"
"WASL","HALLMARK_APICAL_JUNCTION"
"WNK4","HALLMARK_APICAL_JUNCTION"
"YWHAH","HALLMARK_APICAL_JUNCTION"
"ZAK","HALLMARK_APICAL_JUNCTION"
"ZYX","HALLMARK_APICAL_JUNCTION"
"AGER","REACTOME_ACTIVATED_TLR4_SIGNALLING"
"APP","REACTOME_ACTIVATED_TLR4_SIGNALLING"
"ATF1","REACTOME_ACTIVATED_TLR4_SIGNALLING"
"ATF2","REACTOME_ACTIVATED_TLR4_SIGNALLING"
"BTK","REACTOME_ACTIVATED_TLR4_SIGNALLING"
"CD14","REACTOME_ACTIVATED_TLR4_SIGNALLING"
"CDK1","REACTOME_ACTIVATED_TLR4_SIGNALLING"
"CHUK","REACTOME_ACTIVATED_TLR4_SIGNALLING"
"CREB1","REACTOME_ACTIVATED_TLR4_SIGNALLING"
"DUSP3","REACTOME_ACTIVATED_TLR4_SIGNALLING"
"DUSP4","REACTOME_ACTIVATED_TLR4_SIGNALLING"
"DUSP6","REACTOME_ACTIVATED_TLR4_SIGNALLING"
"DUSP7","REACTOME_ACTIVATED_TLR4_SIGNALLING"
"ECSIT","REACTOME_ACTIVATED_TLR4_SIGNALLING"
"ELK1","REACTOME_ACTIVATED_TLR4_SIGNALLING"
"FOS","REACTOME_ACTIVATED_TLR4_SIGNALLING"
"HMGB1","REACTOME_ACTIVATED_TLR4_SIGNALLING"
"IKBKB","REACTOME_ACTIVATED_TLR4_SIGNALLING"
"IKBKE","REACTOME_ACTIVATED_TLR4_SIGNALLING"
"IKBKG","REACTOME_ACTIVATED_TLR4_SIGNALLING"
"IRAK1","REACTOME_ACTIVATED_TLR4_SIGNALLING"
"IRAK2","REACTOME_ACTIVATED_TLR4_SIGNALLING"
"IRAK3","REACTOME_ACTIVATED_TLR4_SIGNALLING"
"IRAK4","REACTOME_ACTIVATED_TLR4_SIGNALLING"
"IRF3","REACTOME_ACTIVATED_TLR4_SIGNALLING"
"IRF7","REACTOME_ACTIVATED_TLR4_SIGNALLING"
"JUN","REACTOME_ACTIVATED_TLR4_SIGNALLING"
"LOC650832","REACTOME_ACTIVATED_TLR4_SIGNALLING"
"LY96","REACTOME_ACTIVATED_TLR4_SIGNALLING"
"MAP2K1","REACTOME_ACTIVATED_TLR4_SIGNALLING"
"MAP2K2","REACTOME_ACTIVATED_TLR4_SIGNALLING"
"MAP2K3","REACTOME_ACTIVATED_TLR4_SIGNALLING"
"MAP2K4","REACTOME_ACTIVATED_TLR4_SIGNALLING"
"MAP2K6","REACTOME_ACTIVATED_TLR4_SIGNALLING"
"MAP2K7","REACTOME_ACTIVATED_TLR4_SIGNALLING"
"MAP3K1","REACTOME_ACTIVATED_TLR4_SIGNALLING"
"MAP3K7","REACTOME_ACTIVATED_TLR4_SIGNALLING"
"MAPK1","REACTOME_ACTIVATED_TLR4_SIGNALLING"
"MAPK10","REACTOME_ACTIVATED_TLR4_SIGNALLING"
"MAPK11","REACTOME_ACTIVATED_TLR4_SIGNALLING"
"MAPK14","REACTOME_ACTIVATED_TLR4_SIGNALLING"
"MAPK3","REACTOME_ACTIVATED_TLR4_SIGNALLING"
"MAPK7","REACTOME_ACTIVATED_TLR4_SIGNALLING"
"MAPK8","REACTOME_ACTIVATED_TLR4_SIGNALLING"
"MAPK9","REACTOME_ACTIVATED_TLR4_SIGNALLING"
"MAPKAPK2","REACTOME_ACTIVATED_TLR4_SIGNALLING"
"MAPKAPK3","REACTOME_ACTIVATED_TLR4_SIGNALLING"
"MEF2A","REACTOME_ACTIVATED_TLR4_SIGNALLING"
"MEF2C","REACTOME_ACTIVATED_TLR4_SIGNALLING"
"MYD88","REACTOME_ACTIVATED_TLR4_SIGNALLING"
"NFKB2","REACTOME_ACTIVATED_TLR4_SIGNALLING"
"NFKBIA","REACTOME_ACTIVATED_TLR4_SIGNALLING"
"NFKBIB","REACTOME_ACTIVATED_TLR4_SIGNALLING"
"NOD1","REACTOME_ACTIVATED_TLR4_SIGNALLING"
"NOD2","REACTOME_ACTIVATED_TLR4_SIGNALLING"
"PELI1","REACTOME_ACTIVATED_TLR4_SIGNALLING"
"PELI2","REACTOME_ACTIVATED_TLR4_SIGNALLING"
"PELI3","REACTOME_ACTIVATED_TLR4_SIGNALLING"
"PPP2CA","REACTOME_ACTIVATED_TLR4_SIGNALLING"
"PPP2CB","REACTOME_ACTIVATED_TLR4_SIGNALLING"
"PPP2R1A","REACTOME_ACTIVATED_TLR4_SIGNALLING"
"PPP2R1B","REACTOME_ACTIVATED_TLR4_SIGNALLING"
"PPP2R5D","REACTOME_ACTIVATED_TLR4_SIGNALLING"
"RELA","REACTOME_ACTIVATED_TLR4_SIGNALLING"
"RIPK1","REACTOME_ACTIVATED_TLR4_SIGNALLING"
"RIPK2","REACTOME_ACTIVATED_TLR4_SIGNALLING"
"RPS27A","REACTOME_ACTIVATED_TLR4_SIGNALLING"
"RPS27AP11","REACTOME_ACTIVATED_TLR4_SIGNALLING"
"RPS6KA1","REACTOME_ACTIVATED_TLR4_SIGNALLING"
"RPS6KA2","REACTOME_ACTIVATED_TLR4_SIGNALLING"
"RPS6KA3","REACTOME_ACTIVATED_TLR4_SIGNALLING"
"RPS6KA5","REACTOME_ACTIVATED_TLR4_SIGNALLING"
"S100A12","REACTOME_ACTIVATED_TLR4_SIGNALLING"
"S100B","REACTOME_ACTIVATED_TLR4_SIGNALLING"
"SAA1","REACTOME_ACTIVATED_TLR4_SIGNALLING"
"SIGIRR","REACTOME_ACTIVATED_TLR4_SIGNALLING"
"TAB1","REACTOME_ACTIVATED_TLR4_SIGNALLING"
"TAB2","REACTOME_ACTIVATED_TLR4_SIGNALLING"
"TAB3","REACTOME_ACTIVATED_TLR4_SIGNALLING"
"TBK1","REACTOME_ACTIVATED_TLR4_SIGNALLING"
"TICAM1","REACTOME_ACTIVATED_TLR4_SIGNALLING"
"TICAM2","REACTOME_ACTIVATED_TLR4_SIGNALLING"
"TIRAP","REACTOME_ACTIVATED_TLR4_SIGNALLING"
"TLR1","REACTOME_ACTIVATED_TLR4_SIGNALLING"
"TLR2","REACTOME_ACTIVATED_TLR4_SIGNALLING"
"TLR3","REACTOME_ACTIVATED_TLR4_SIGNALLING"
"TLR4","REACTOME_ACTIVATED_TLR4_SIGNALLING"
"TLR6","REACTOME_ACTIVATED_TLR4_SIGNALLING"
"TMEM189-UBE2V1","REACTOME_ACTIVATED_TLR4_SIGNALLING"
"TRAF3","REACTOME_ACTIVATED_TLR4_SIGNALLING"
"TRAF6","REACTOME_ACTIVATED_TLR4_SIGNALLING"
"UBA52","REACTOME_ACTIVATED_TLR4_SIGNALLING"
"UBE2N","REACTOME_ACTIVATED_TLR4_SIGNALLING"
"ADAM17","HALLMARK_WNT_BETA_CATENIN_SIGNALING"
"AXIN1","HALLMARK_WNT_BETA_CATENIN_SIGNALING"
"AXIN2","HALLMARK_WNT_BETA_CATENIN_SIGNALING"
"CCND2","HALLMARK_WNT_BETA_CATENIN_SIGNALING"
"CSNK1E","HALLMARK_WNT_BETA_CATENIN_SIGNALING"
"CTNNB1","HALLMARK_WNT_BETA_CATENIN_SIGNALING"
"CUL1","HALLMARK_WNT_BETA_CATENIN_SIGNALING"
"DKK1","HALLMARK_WNT_BETA_CATENIN_SIGNALING"
"DKK4","HALLMARK_WNT_BETA_CATENIN_SIGNALING"
"DLL1","HALLMARK_WNT_BETA_CATENIN_SIGNALING"
"DVL2","HALLMARK_WNT_BETA_CATENIN_SIGNALING"
"FRAT1","HALLMARK_WNT_BETA_CATENIN_SIGNALING"
"FZD1","HALLMARK_WNT_BETA_CATENIN_SIGNALING"
"FZD8","HALLMARK_WNT_BETA_CATENIN_SIGNALING"
"GNAI1","HALLMARK_WNT_BETA_CATENIN_SIGNALING"
"HDAC11","HALLMARK_WNT_BETA_CATENIN_SIGNALING"
"HDAC2","HALLMARK_WNT_BETA_CATENIN_SIGNALING"
"HDAC5","HALLMARK_WNT_BETA_CATENIN_SIGNALING"
"HEY1","HALLMARK_WNT_BETA_CATENIN_SIGNALING"
"HEY2","HALLMARK_WNT_BETA_CATENIN_SIGNALING"
"JAG1","HALLMARK_WNT_BETA_CATENIN_SIGNALING"
"JAG2","HALLMARK_WNT_BETA_CATENIN_SIGNALING"
"KAT2A","HALLMARK_WNT_BETA_CATENIN_SIGNALING"
"LEF1","HALLMARK_WNT_BETA_CATENIN_SIGNALING"
"MAML1","HALLMARK_WNT_BETA_CATENIN_SIGNALING"
"MYC","HALLMARK_WNT_BETA_CATENIN_SIGNALING"
"NCOR2","HALLMARK_WNT_BETA_CATENIN_SIGNALING"
"NCSTN","HALLMARK_WNT_BETA_CATENIN_SIGNALING"
"NKD1","HALLMARK_WNT_BETA_CATENIN_SIGNALING"
"NOTCH1","HALLMARK_WNT_BETA_CATENIN_SIGNALING"
"NOTCH4","HALLMARK_WNT_BETA_CATENIN_SIGNALING"
"NUMB","HALLMARK_WNT_BETA_CATENIN_SIGNALING"
"PPARD","HALLMARK_WNT_BETA_CATENIN_SIGNALING"
"PSEN2","HALLMARK_WNT_BETA_CATENIN_SIGNALING"
"PTCH1","HALLMARK_WNT_BETA_CATENIN_SIGNALING"
"RBPJ","HALLMARK_WNT_BETA_CATENIN_SIGNALING"
"SKP2","HALLMARK_WNT_BETA_CATENIN_SIGNALING"
"TCF7","HALLMARK_WNT_BETA_CATENIN_SIGNALING"
"TP53","HALLMARK_WNT_BETA_CATENIN_SIGNALING"
"WNT1","HALLMARK_WNT_BETA_CATENIN_SIGNALING"
"WNT5B","HALLMARK_WNT_BETA_CATENIN_SIGNALING"
"WNT6","HALLMARK_WNT_BETA_CATENIN_SIGNALING"
"ABCA1","HALLMARK_TNFA_SIGNALING_VIA_NFKB"
"AREG","HALLMARK_TNFA_SIGNALING_VIA_NFKB"
"ATF3","HALLMARK_TNFA_SIGNALING_VIA_NFKB"
"ATP2B1","HALLMARK_TNFA_SIGNALING_VIA_NFKB"
"B4GALT1","HALLMARK_TNFA_SIGNALING_VIA_NFKB"
"B4GALT5","HALLMARK_TNFA_SIGNALING_VIA_NFKB"
"BCL2A1","HALLMARK_TNFA_SIGNALING_VIA_NFKB"
"BCL3","HALLMARK_TNFA_SIGNALING_VIA_NFKB"
"BCL6","HALLMARK_TNFA_SIGNALING_VIA_NFKB"
"BHLHE40","HALLMARK_TNFA_SIGNALING_VIA_NFKB"
"BIRC2","HALLMARK_TNFA_SIGNALING_VIA_NFKB"
"BIRC3","HALLMARK_TNFA_SIGNALING_VIA_NFKB"
"BMP2","HALLMARK_TNFA_SIGNALING_VIA_NFKB"
"BTG1","HALLMARK_TNFA_SIGNALING_VIA_NFKB"
"BTG2","HALLMARK_TNFA_SIGNALING_VIA_NFKB"
"BTG3","HALLMARK_TNFA_SIGNALING_VIA_NFKB"
"CCL2","HALLMARK_TNFA_SIGNALING_VIA_NFKB"
"CCL20","HALLMARK_TNFA_SIGNALING_VIA_NFKB"
"CCL4","HALLMARK_TNFA_SIGNALING_VIA_NFKB"
"CCL5","HALLMARK_TNFA_SIGNALING_VIA_NFKB"
"CCND1","HALLMARK_TNFA_SIGNALING_VIA_NFKB"
"CCNL1","HALLMARK_TNFA_SIGNALING_VIA_NFKB"
"CCRL2","HALLMARK_TNFA_SIGNALING_VIA_NFKB"
"CD44","HALLMARK_TNFA_SIGNALING_VIA_NFKB"
"CD69","HALLMARK_TNFA_SIGNALING_VIA_NFKB"
"CD80","HALLMARK_TNFA_SIGNALING_VIA_NFKB"
"CD83","HALLMARK_TNFA_SIGNALING_VIA_NFKB"
"CDKN1A","HALLMARK_TNFA_SIGNALING_VIA_NFKB"
"CEBPB","HALLMARK_TNFA_SIGNALING_VIA_NFKB"
"CEBPD","HALLMARK_TNFA_SIGNALING_VIA_NFKB"
"CFLAR","HALLMARK_TNFA_SIGNALING_VIA_NFKB"
"CLCF1","HALLMARK_TNFA_SIGNALING_VIA_NFKB"
"CSF1","HALLMARK_TNFA_SIGNALING_VIA_NFKB"
"CSF2","HALLMARK_TNFA_SIGNALING_VIA_NFKB"
"CXCL1","HALLMARK_TNFA_SIGNALING_VIA_NFKB"
"CXCL10","HALLMARK_TNFA_SIGNALING_VIA_NFKB"
"CXCL11","HALLMARK_TNFA_SIGNALING_VIA_NFKB"
"CXCL2","HALLMARK_TNFA_SIGNALING_VIA_NFKB"
"CXCL3","HALLMARK_TNFA_SIGNALING_VIA_NFKB"
"CXCL6","HALLMARK_TNFA_SIGNALING_VIA_NFKB"
"CXCR7","HALLMARK_TNFA_SIGNALING_VIA_NFKB"
"CYR61","HALLMARK_TNFA_SIGNALING_VIA_NFKB"
"DDX58","HALLMARK_TNFA_SIGNALING_VIA_NFKB"
"DENND5A","HALLMARK_TNFA_SIGNALING_VIA_NFKB"
"DNAJB4","HALLMARK_TNFA_SIGNALING_VIA_NFKB"
"DRAM1","HALLMARK_TNFA_SIGNALING_VIA_NFKB"
"DUSP1","HALLMARK_TNFA_SIGNALING_VIA_NFKB"
"DUSP2","HALLMARK_TNFA_SIGNALING_VIA_NFKB"
"DUSP4","HALLMARK_TNFA_SIGNALING_VIA_NFKB"
"DUSP5","HALLMARK_TNFA_SIGNALING_VIA_NFKB"
"EDN1","HALLMARK_TNFA_SIGNALING_VIA_NFKB"
"EFNA1","HALLMARK_TNFA_SIGNALING_VIA_NFKB"
"EGR1","HALLMARK_TNFA_SIGNALING_VIA_NFKB"
"EGR2","HALLMARK_TNFA_SIGNALING_VIA_NFKB"
"EGR3","HALLMARK_TNFA_SIGNALING_VIA_NFKB"
"EHD1","HALLMARK_TNFA_SIGNALING_VIA_NFKB"
"EIF1","HALLMARK_TNFA_SIGNALING_VIA_NFKB"
"ETS2","HALLMARK_TNFA_SIGNALING_VIA_NFKB"
"F2RL1","HALLMARK_TNFA_SIGNALING_VIA_NFKB"
"F3","HALLMARK_TNFA_SIGNALING_VIA_NFKB"
"FJX1","HALLMARK_TNFA_SIGNALING_VIA_NFKB"
"FOS","HALLMARK_TNFA_SIGNALING_VIA_NFKB"
"FOSB","HALLMARK_TNFA_SIGNALING_VIA_NFKB"
"FOSL1","HALLMARK_TNFA_SIGNALING_VIA_NFKB"
"FOSL2","HALLMARK_TNFA_SIGNALING_VIA_NFKB"
"FUT4","HALLMARK_TNFA_SIGNALING_VIA_NFKB"
"G0S2","HALLMARK_TNFA_SIGNALING_VIA_NFKB"
"GADD45A","HALLMARK_TNFA_SIGNALING_VIA_NFKB"
"GADD45B","HALLMARK_TNFA_SIGNALING_VIA_NFKB"
"GCH1","HALLMARK_TNFA_SIGNALING_VIA_NFKB"
"GEM","HALLMARK_TNFA_SIGNALING_VIA_NFKB"
"GFPT2","HALLMARK_TNFA_SIGNALING_VIA_NFKB"
"GPR183","HALLMARK_TNFA_SIGNALING_VIA_NFKB"
"HBEGF","HALLMARK_TNFA_SIGNALING_VIA_NFKB"
"HES1","HALLMARK_TNFA_SIGNALING_VIA_NFKB"
"ICAM1","HALLMARK_TNFA_SIGNALING_VIA_NFKB"
"ICOSLG","HALLMARK_TNFA_SIGNALING_VIA_NFKB"
"ID2","HALLMARK_TNFA_SIGNALING_VIA_NFKB"
"IER2","HALLMARK_TNFA_SIGNALING_VIA_NFKB"
"IER3","HALLMARK_TNFA_SIGNALING_VIA_NFKB"
"IER5","HALLMARK_TNFA_SIGNALING_VIA_NFKB"
"IFIH1","HALLMARK_TNFA_SIGNALING_VIA_NFKB"
"IFIT2","HALLMARK_TNFA_SIGNALING_VIA_NFKB"
"IFNGR2","HALLMARK_TNFA_SIGNALING_VIA_NFKB"
"IL12B","HALLMARK_TNFA_SIGNALING_VIA_NFKB"
"IL15RA","HALLMARK_TNFA_SIGNALING_VIA_NFKB"
"IL18","HALLMARK_TNFA_SIGNALING_VIA_NFKB"
"IL1A","HALLMARK_TNFA_SIGNALING_VIA_NFKB"
"IL1B","HALLMARK_TNFA_SIGNALING_VIA_NFKB"
"IL23A","HALLMARK_TNFA_SIGNALING_VIA_NFKB"
"IL6","HALLMARK_TNFA_SIGNALING_VIA_NFKB"
"IL6ST","HALLMARK_TNFA_SIGNALING_VIA_NFKB"
"IL7R","HALLMARK_TNFA_SIGNALING_VIA_NFKB"
"INHBA","HALLMARK_TNFA_SIGNALING_VIA_NFKB"
"IRF1","HALLMARK_TNFA_SIGNALING_VIA_NFKB"
"IRS2","HALLMARK_TNFA_SIGNALING_VIA_NFKB"
"JAG1","HALLMARK_TNFA_SIGNALING_VIA_NFKB"
"JUN","HALLMARK_TNFA_SIGNALING_VIA_NFKB"
"JUNB","HALLMARK_TNFA_SIGNALING_VIA_NFKB"
"KDM6B","HALLMARK_TNFA_SIGNALING_VIA_NFKB"
"KLF10","HALLMARK_TNFA_SIGNALING_VIA_NFKB"
"KLF2","HALLMARK_TNFA_SIGNALING_VIA_NFKB"
"KLF4","HALLMARK_TNFA_SIGNALING_VIA_NFKB"
"KLF6","HALLMARK_TNFA_SIGNALING_VIA_NFKB"
"KLF9","HALLMARK_TNFA_SIGNALING_VIA_NFKB"
"KYNU","HALLMARK_TNFA_SIGNALING_VIA_NFKB"
"LAMB3","HALLMARK_TNFA_SIGNALING_VIA_NFKB"
"LDLR","HALLMARK_TNFA_SIGNALING_VIA_NFKB"
"LIF","HALLMARK_TNFA_SIGNALING_VIA_NFKB"
"LITAF","HALLMARK_TNFA_SIGNALING_VIA_NFKB"
"MAFF","HALLMARK_TNFA_SIGNALING_VIA_NFKB"
"MAP2K3","HALLMARK_TNFA_SIGNALING_VIA_NFKB"
"MAP3K8","HALLMARK_TNFA_SIGNALING_VIA_NFKB"
"MARCKS","HALLMARK_TNFA_SIGNALING_VIA_NFKB"
"MCL1","HALLMARK_TNFA_SIGNALING_VIA_NFKB"
"MSC","HALLMARK_TNFA_SIGNALING_VIA_NFKB"
"MXD1","HALLMARK_TNFA_SIGNALING_VIA_NFKB"
"MYC","HALLMARK_TNFA_SIGNALING_VIA_NFKB"
"NAMPT","HALLMARK_TNFA_SIGNALING_VIA_NFKB"
"NFAT5","HALLMARK_TNFA_SIGNALING_VIA_NFKB"
"NFE2L2","HALLMARK_TNFA_SIGNALING_VIA_NFKB"
"NFIL3","HALLMARK_TNFA_SIGNALING_VIA_NFKB"
"NFKB1","HALLMARK_TNFA_SIGNALING_VIA_NFKB"
"NFKB2","HALLMARK_TNFA_SIGNALING_VIA_NFKB"
"NFKBIA","HALLMARK_TNFA_SIGNALING_VIA_NFKB"
"NFKBIE","HALLMARK_TNFA_SIGNALING_VIA_NFKB"
"NINJ1","HALLMARK_TNFA_SIGNALING_VIA_NFKB"
"NR4A1","HALLMARK_TNFA_SIGNALING_VIA_NFKB"
"NR4A2","HALLMARK_TNFA_SIGNALING_VIA_NFKB"
"NR4A3","HALLMARK_TNFA_SIGNALING_VIA_NFKB"
"OLR1","HALLMARK_TNFA_SIGNALING_VIA_NFKB"
"PANX1","HALLMARK_TNFA_SIGNALING_VIA_NFKB"
"PDE4B","HALLMARK_TNFA_SIGNALING_VIA_NFKB"
"PDLIM5","HALLMARK_TNFA_SIGNALING_VIA_NFKB"
"PER1","HALLMARK_TNFA_SIGNALING_VIA_NFKB"
"PFKFB3","HALLMARK_TNFA_SIGNALING_VIA_NFKB"
"PHLDA1","HALLMARK_TNFA_SIGNALING_VIA_NFKB"
"PHLDA2","HALLMARK_TNFA_SIGNALING_VIA_NFKB"
"PLAU","HALLMARK_TNFA_SIGNALING_VIA_NFKB"
"PLAUR","HALLMARK_TNFA_SIGNALING_VIA_NFKB"
"PLEK","HALLMARK_TNFA_SIGNALING_VIA_NFKB"
"PLK2","HALLMARK_TNFA_SIGNALING_VIA_NFKB"
"PMEPA1","HALLMARK_TNFA_SIGNALING_VIA_NFKB"
"PNRC1","HALLMARK_TNFA_SIGNALING_VIA_NFKB"
"PPAP2B","HALLMARK_TNFA_SIGNALING_VIA_NFKB"
"PPP1R15A","HALLMARK_TNFA_SIGNALING_VIA_NFKB"
"PTGER4","HALLMARK_TNFA_SIGNALING_VIA_NFKB"
"PTGS2","HALLMARK_TNFA_SIGNALING_VIA_NFKB"
"PTPRE","HALLMARK_TNFA_SIGNALING_VIA_NFKB"
"PTX3","HALLMARK_TNFA_SIGNALING_VIA_NFKB"
"RCAN1","HALLMARK_TNFA_SIGNALING_VIA_NFKB"
"REL","HALLMARK_TNFA_SIGNALING_VIA_NFKB"
"RELA","HALLMARK_TNFA_SIGNALING_VIA_NFKB"
"RELB","HALLMARK_TNFA_SIGNALING_VIA_NFKB"
"RHOB","HALLMARK_TNFA_SIGNALING_VIA_NFKB"
"RIPK2","HALLMARK_TNFA_SIGNALING_VIA_NFKB"
"RNF19B","HALLMARK_TNFA_SIGNALING_VIA_NFKB"
"SAT1","HALLMARK_TNFA_SIGNALING_VIA_NFKB"
"SDC4","HALLMARK_TNFA_SIGNALING_VIA_NFKB"
"SERPINB2","HALLMARK_TNFA_SIGNALING_VIA_NFKB"
"SERPINB8","HALLMARK_TNFA_SIGNALING_VIA_NFKB"
"SERPINE1","HALLMARK_TNFA_SIGNALING_VIA_NFKB"
"SGK1","HALLMARK_TNFA_SIGNALING_VIA_NFKB"
"SIK1","HALLMARK_TNFA_SIGNALING_VIA_NFKB"
"SLC16A6","HALLMARK_TNFA_SIGNALING_VIA_NFKB"
"SLC2A3","HALLMARK_TNFA_SIGNALING_VIA_NFKB"
"SLC2A6","HALLMARK_TNFA_SIGNALING_VIA_NFKB"
"SMAD3","HALLMARK_TNFA_SIGNALING_VIA_NFKB"
"SNN","HALLMARK_TNFA_SIGNALING_VIA_NFKB"
"SOCS3","HALLMARK_TNFA_SIGNALING_VIA_NFKB"
"SOD2","HALLMARK_TNFA_SIGNALING_VIA_NFKB"
"SPHK1","HALLMARK_TNFA_SIGNALING_VIA_NFKB"
"SPSB1","HALLMARK_TNFA_SIGNALING_VIA_NFKB"
"SQSTM1","HALLMARK_TNFA_SIGNALING_VIA_NFKB"
"STAT5A","HALLMARK_TNFA_SIGNALING_VIA_NFKB"
"TANK","HALLMARK_TNFA_SIGNALING_VIA_NFKB"
"TAP1","HALLMARK_TNFA_SIGNALING_VIA_NFKB"
"TGIF1","HALLMARK_TNFA_SIGNALING_VIA_NFKB"
"TIPARP","HALLMARK_TNFA_SIGNALING_VIA_NFKB"
"TLR2","HALLMARK_TNFA_SIGNALING_VIA_NFKB"
"TNC","HALLMARK_TNFA_SIGNALING_VIA_NFKB"
"TNF","HALLMARK_TNFA_SIGNALING_VIA_NFKB"
"TNFAIP2","HALLMARK_TNFA_SIGNALING_VIA_NFKB"
"TNFAIP3","HALLMARK_TNFA_SIGNALING_VIA_NFKB"
"TNFAIP6","HALLMARK_TNFA_SIGNALING_VIA_NFKB"
"TNFAIP8","HALLMARK_TNFA_SIGNALING_VIA_NFKB"
"TNFRSF9","HALLMARK_TNFA_SIGNALING_VIA_NFKB"
"TNFSF9","HALLMARK_TNFA_SIGNALING_VIA_NFKB"
"TNIP1","HALLMARK_TNFA_SIGNALING_VIA_NFKB"
"TNIP2","HALLMARK_TNFA_SIGNALING_VIA_NFKB"
"TRAF1","HALLMARK_TNFA_SIGNALING_VIA_NFKB"
"TRIB1","HALLMARK_TNFA_SIGNALING_VIA_NFKB"
"TRIP10","HALLMARK_TNFA_SIGNALING_VIA_NFKB"
"TSC22D1","HALLMARK_TNFA_SIGNALING_VIA_NFKB"
"TUBB2A","HALLMARK_TNFA_SIGNALING_VIA_NFKB"
"VEGFA","HALLMARK_TNFA_SIGNALING_VIA_NFKB"
"YRDC","HALLMARK_TNFA_SIGNALING_VIA_NFKB"
"ZBTB10","HALLMARK_TNFA_SIGNALING_VIA_NFKB"
"ZC3H12A","HALLMARK_TNFA_SIGNALING_VIA_NFKB"
"ZFP36","HALLMARK_TNFA_SIGNALING_VIA_NFKB"
"ABCA1","HALLMARK_INFLAMMATORY_RESPONSE"
"ABI1","HALLMARK_INFLAMMATORY_RESPONSE"
"ACVR1B","HALLMARK_INFLAMMATORY_RESPONSE"
"ACVR2A","HALLMARK_INFLAMMATORY_RESPONSE"
"ADM","HALLMARK_INFLAMMATORY_RESPONSE"
"ADORA2B","HALLMARK_INFLAMMATORY_RESPONSE"
"ADRM1","HALLMARK_INFLAMMATORY_RESPONSE"
"AHR","HALLMARK_INFLAMMATORY_RESPONSE"
"APLNR","HALLMARK_INFLAMMATORY_RESPONSE"
"AQP9","HALLMARK_INFLAMMATORY_RESPONSE"
"ATP2A2","HALLMARK_INFLAMMATORY_RESPONSE"
"ATP2B1","HALLMARK_INFLAMMATORY_RESPONSE"
"ATP2C1","HALLMARK_INFLAMMATORY_RESPONSE"
"AXL","HALLMARK_INFLAMMATORY_RESPONSE"
"BDKRB1","HALLMARK_INFLAMMATORY_RESPONSE"
"BEST1","HALLMARK_INFLAMMATORY_RESPONSE"
"BST2","HALLMARK_INFLAMMATORY_RESPONSE"
"BTG2","HALLMARK_INFLAMMATORY_RESPONSE"
"C3AR1","HALLMARK_INFLAMMATORY_RESPONSE"
"C5AR1","HALLMARK_INFLAMMATORY_RESPONSE"
"CALCRL","HALLMARK_INFLAMMATORY_RESPONSE"
"CCL17","HALLMARK_INFLAMMATORY_RESPONSE"
"CCL2","HALLMARK_INFLAMMATORY_RESPONSE"
"CCL20","HALLMARK_INFLAMMATORY_RESPONSE"
"CCL22","HALLMARK_INFLAMMATORY_RESPONSE"
"CCL24","HALLMARK_INFLAMMATORY_RESPONSE"
"CCL5","HALLMARK_INFLAMMATORY_RESPONSE"
"CCL7","HALLMARK_INFLAMMATORY_RESPONSE"
"CCR7","HALLMARK_INFLAMMATORY_RESPONSE"
"CCRL2","HALLMARK_INFLAMMATORY_RESPONSE"
"CD14","HALLMARK_INFLAMMATORY_RESPONSE"
"CD40","HALLMARK_INFLAMMATORY_RESPONSE"
"CD48","HALLMARK_INFLAMMATORY_RESPONSE"
"CD55","HALLMARK_INFLAMMATORY_RESPONSE"
"CD69","HALLMARK_INFLAMMATORY_RESPONSE"
"CD70","HALLMARK_INFLAMMATORY_RESPONSE"
"CD82","HALLMARK_INFLAMMATORY_RESPONSE"
"CDKN1A","HALLMARK_INFLAMMATORY_RESPONSE"
"CHST2","HALLMARK_INFLAMMATORY_RESPONSE"
"CLEC5A","HALLMARK_INFLAMMATORY_RESPONSE"
"CMKLR1","HALLMARK_INFLAMMATORY_RESPONSE"
"CSF1","HALLMARK_INFLAMMATORY_RESPONSE"
"CSF3","HALLMARK_INFLAMMATORY_RESPONSE"
"CSF3R","HALLMARK_INFLAMMATORY_RESPONSE"
"CX3CL1","HALLMARK_INFLAMMATORY_RESPONSE"
"CXCL10","HALLMARK_INFLAMMATORY_RESPONSE"
"CXCL11","HALLMARK_INFLAMMATORY_RESPONSE"
"CXCL6","HALLMARK_INFLAMMATORY_RESPONSE"
"CXCL9","HALLMARK_INFLAMMATORY_RESPONSE"
"CXCR6","HALLMARK_INFLAMMATORY_RESPONSE"
"CYBB","HALLMARK_INFLAMMATORY_RESPONSE"
"DCBLD2","HALLMARK_INFLAMMATORY_RESPONSE"
"EBI3","HALLMARK_INFLAMMATORY_RESPONSE"
"EDN1","HALLMARK_INFLAMMATORY_RESPONSE"
"EIF2AK2","HALLMARK_INFLAMMATORY_RESPONSE"
"EMP3","HALLMARK_INFLAMMATORY_RESPONSE"
"EMR1","HALLMARK_INFLAMMATORY_RESPONSE"
"EREG","HALLMARK_INFLAMMATORY_RESPONSE"
"F3","HALLMARK_INFLAMMATORY_RESPONSE"
"FFAR2","HALLMARK_INFLAMMATORY_RESPONSE"
"FPR1","HALLMARK_INFLAMMATORY_RESPONSE"
"FZD5","HALLMARK_INFLAMMATORY_RESPONSE"
"GABBR1","HALLMARK_INFLAMMATORY_RESPONSE"
"GCH1","HALLMARK_INFLAMMATORY_RESPONSE"
"GNA15","HALLMARK_INFLAMMATORY_RESPONSE"
"GNAI3","HALLMARK_INFLAMMATORY_RESPONSE"
"GP1BA","HALLMARK_INFLAMMATORY_RESPONSE"
"GPC3","HALLMARK_INFLAMMATORY_RESPONSE"
"GPR132","HALLMARK_INFLAMMATORY_RESPONSE"
"GPR183","HALLMARK_INFLAMMATORY_RESPONSE"
"HAS2","HALLMARK_INFLAMMATORY_RESPONSE"
"HBEGF","HALLMARK_INFLAMMATORY_RESPONSE"
"HIF1A","HALLMARK_INFLAMMATORY_RESPONSE"
"HPN","HALLMARK_INFLAMMATORY_RESPONSE"
"HRH1","HALLMARK_INFLAMMATORY_RESPONSE"
"ICAM1","HALLMARK_INFLAMMATORY_RESPONSE"
"ICAM4","HALLMARK_INFLAMMATORY_RESPONSE"
"ICOSLG","HALLMARK_INFLAMMATORY_RESPONSE"
"IFITM1","HALLMARK_INFLAMMATORY_RESPONSE"
"IFNAR1","HALLMARK_INFLAMMATORY_RESPONSE"
"IFNGR2","HALLMARK_INFLAMMATORY_RESPONSE"
"IL10","HALLMARK_INFLAMMATORY_RESPONSE"
"IL10RA","HALLMARK_INFLAMMATORY_RESPONSE"
"IL12B","HALLMARK_INFLAMMATORY_RESPONSE"
"IL15","HALLMARK_INFLAMMATORY_RESPONSE"
"IL15RA","HALLMARK_INFLAMMATORY_RESPONSE"
"IL18","HALLMARK_INFLAMMATORY_RESPONSE"
"IL18R1","HALLMARK_INFLAMMATORY_RESPONSE"
"IL18RAP","HALLMARK_INFLAMMATORY_RESPONSE"
"IL1A","HALLMARK_INFLAMMATORY_RESPONSE"
"IL1B","HALLMARK_INFLAMMATORY_RESPONSE"
"IL1R1","HALLMARK_INFLAMMATORY_RESPONSE"
"IL2RB","HALLMARK_INFLAMMATORY_RESPONSE"
"IL4R","HALLMARK_INFLAMMATORY_RESPONSE"
"IL6","HALLMARK_INFLAMMATORY_RESPONSE"
"IL7R","HALLMARK_INFLAMMATORY_RESPONSE"
"IL8","HALLMARK_INFLAMMATORY_RESPONSE"
"INHBA","HALLMARK_INFLAMMATORY_RESPONSE"
"IRAK2","HALLMARK_INFLAMMATORY_RESPONSE"
"IRF1","HALLMARK_INFLAMMATORY_RESPONSE"
"IRF7","HALLMARK_INFLAMMATORY_RESPONSE"
"ITGA5","HALLMARK_INFLAMMATORY_RESPONSE"
"ITGB3","HALLMARK_INFLAMMATORY_RESPONSE"
"ITGB8","HALLMARK_INFLAMMATORY_RESPONSE"
"KCNA3","HALLMARK_INFLAMMATORY_RESPONSE"
"KCNJ2","HALLMARK_INFLAMMATORY_RESPONSE"
"KCNMB2","HALLMARK_INFLAMMATORY_RESPONSE"
"KIF1B","HALLMARK_INFLAMMATORY_RESPONSE"
"KLF6","HALLMARK_INFLAMMATORY_RESPONSE"
"LAMP3","HALLMARK_INFLAMMATORY_RESPONSE"
"LCK","HALLMARK_INFLAMMATORY_RESPONSE"
"LCP2","HALLMARK_INFLAMMATORY_RESPONSE"
"LDLR","HALLMARK_INFLAMMATORY_RESPONSE"
"LIF","HALLMARK_INFLAMMATORY_RESPONSE"
"LPAR1","HALLMARK_INFLAMMATORY_RESPONSE"
"LTA","HALLMARK_INFLAMMATORY_RESPONSE"
"LY6E","HALLMARK_INFLAMMATORY_RESPONSE"
"LYN","HALLMARK_INFLAMMATORY_RESPONSE"
"MARCO","HALLMARK_INFLAMMATORY_RESPONSE"
"MEFV","HALLMARK_INFLAMMATORY_RESPONSE"
"MEP1A","HALLMARK_INFLAMMATORY_RESPONSE"
"MET","HALLMARK_INFLAMMATORY_RESPONSE"
"MMP14","HALLMARK_INFLAMMATORY_RESPONSE"
"MSR1","HALLMARK_INFLAMMATORY_RESPONSE"
"MXD1","HALLMARK_INFLAMMATORY_RESPONSE"
"MYC","HALLMARK_INFLAMMATORY_RESPONSE"
"NAMPT","HALLMARK_INFLAMMATORY_RESPONSE"
"NDP","HALLMARK_INFLAMMATORY_RESPONSE"
"NFKB1","HALLMARK_INFLAMMATORY_RESPONSE"
"NFKBIA","HALLMARK_INFLAMMATORY_RESPONSE"
"NLRP3","HALLMARK_INFLAMMATORY_RESPONSE"
"NMI","HALLMARK_INFLAMMATORY_RESPONSE"
"NMUR1","HALLMARK_INFLAMMATORY_RESPONSE"
"NOD2","HALLMARK_INFLAMMATORY_RESPONSE"
"NPFFR2","HALLMARK_INFLAMMATORY_RESPONSE"
"OLR1","HALLMARK_INFLAMMATORY_RESPONSE"
"OPRK1","HALLMARK_INFLAMMATORY_RESPONSE"
"OSM","HALLMARK_INFLAMMATORY_RESPONSE"
"OSMR","HALLMARK_INFLAMMATORY_RESPONSE"
"P2RX4","HALLMARK_INFLAMMATORY_RESPONSE"
"P2RX7","HALLMARK_INFLAMMATORY_RESPONSE"
"P2RY2","HALLMARK_INFLAMMATORY_RESPONSE"
"PCDH7","HALLMARK_INFLAMMATORY_RESPONSE"
"PDE4B","HALLMARK_INFLAMMATORY_RESPONSE"
"PDPN","HALLMARK_INFLAMMATORY_RESPONSE"
"PIK3R5","HALLMARK_INFLAMMATORY_RESPONSE"
"PLAUR","HALLMARK_INFLAMMATORY_RESPONSE"
"PROK2","HALLMARK_INFLAMMATORY_RESPONSE"
"PSEN1","HALLMARK_INFLAMMATORY_RESPONSE"
"PTAFR","HALLMARK_INFLAMMATORY_RESPONSE"
"PTGER2","HALLMARK_INFLAMMATORY_RESPONSE"
"PTGER4","HALLMARK_INFLAMMATORY_RESPONSE"
"PTGIR","HALLMARK_INFLAMMATORY_RESPONSE"
"PTPRE","HALLMARK_INFLAMMATORY_RESPONSE"
"PVR","HALLMARK_INFLAMMATORY_RESPONSE"
"RAF1","HALLMARK_INFLAMMATORY_RESPONSE"
"RASGRP1","HALLMARK_INFLAMMATORY_RESPONSE"
"RELA","HALLMARK_INFLAMMATORY_RESPONSE"
"RGS1","HALLMARK_INFLAMMATORY_RESPONSE"
"RGS16","HALLMARK_INFLAMMATORY_RESPONSE"
"RHOG","HALLMARK_INFLAMMATORY_RESPONSE"
"RIPK2","HALLMARK_INFLAMMATORY_RESPONSE"
"RNF144B","HALLMARK_INFLAMMATORY_RESPONSE"
"ROS1","HALLMARK_INFLAMMATORY_RESPONSE"
"RTP4","HALLMARK_INFLAMMATORY_RESPONSE"
"SCARF1","HALLMARK_INFLAMMATORY_RESPONSE"
"SCN1B","HALLMARK_INFLAMMATORY_RESPONSE"
"SELE","HALLMARK_INFLAMMATORY_RESPONSE"
"SELL","HALLMARK_INFLAMMATORY_RESPONSE"
"SELS","HALLMARK_INFLAMMATORY_RESPONSE"
"SEMA4D","HALLMARK_INFLAMMATORY_RESPONSE"
"SERPINE1","HALLMARK_INFLAMMATORY_RESPONSE"
"SGMS2","HALLMARK_INFLAMMATORY_RESPONSE"
"SLAMF1","HALLMARK_INFLAMMATORY_RESPONSE"
"SLC11A2","HALLMARK_INFLAMMATORY_RESPONSE"
"SLC1A2","HALLMARK_INFLAMMATORY_RESPONSE"
"SLC28A2","HALLMARK_INFLAMMATORY_RESPONSE"
"SLC31A1","HALLMARK_INFLAMMATORY_RESPONSE"
"SLC31A2","HALLMARK_INFLAMMATORY_RESPONSE"
"SLC4A4","HALLMARK_INFLAMMATORY_RESPONSE"
"SLC7A1","HALLMARK_INFLAMMATORY_RESPONSE"
"SLC7A2","HALLMARK_INFLAMMATORY_RESPONSE"
"SPHK1","HALLMARK_INFLAMMATORY_RESPONSE"
"SRI","HALLMARK_INFLAMMATORY_RESPONSE"
"STAB1","HALLMARK_INFLAMMATORY_RESPONSE"
"TACR1","HALLMARK_INFLAMMATORY_RESPONSE"
"TACR3","HALLMARK_INFLAMMATORY_RESPONSE"
"TAPBP","HALLMARK_INFLAMMATORY_RESPONSE"
"TIMP1","HALLMARK_INFLAMMATORY_RESPONSE"
"TLR1","HALLMARK_INFLAMMATORY_RESPONSE"
"TLR2","HALLMARK_INFLAMMATORY_RESPONSE"
"TLR3","HALLMARK_INFLAMMATORY_RESPONSE"
"TNFAIP6","HALLMARK_INFLAMMATORY_RESPONSE"
"TNFRSF1B","HALLMARK_INFLAMMATORY_RESPONSE"
"TNFRSF9","HALLMARK_INFLAMMATORY_RESPONSE"
"TNFSF10","HALLMARK_INFLAMMATORY_RESPONSE"
"TNFSF15","HALLMARK_INFLAMMATORY_RESPONSE"
"TNFSF9","HALLMARK_INFLAMMATORY_RESPONSE"
"TPBG","HALLMARK_INFLAMMATORY_RESPONSE"
"VIP","HALLMARK_INFLAMMATORY_RESPONSE"
