"Gene","Probe","Group"
"ABCA1","TC09001434.hg","HALLMARK_INFLAMMATORY_RESPONSE"
"ABCA1","TC09001434.hg","HALLMARK_TNFA_SIGNALING_VIA_NFKB"
"ABI1","TC10001120.hg","HALLMARK_INFLAMMATORY_RESPONSE"
"ACTA1","TC01003945.hg","HALLMARK_APICAL_JUNCTION"
"ACTA1","TC06001971.hg","HALLMARK_APICAL_JUNCTION"
"ACTB","TC07002772.hg","HALLMARK_APICAL_JUNCTION"
"ACTB","TC07002773.hg","HALLMARK_APICAL_JUNCTION"
"ACTB","TC07001120.hg","HALLMARK_APICAL_JUNCTION"
"ACTC1","TC15001201.hg","HALLMARK_APICAL_JUNCTION"
"ACTG1","TC17001952.hg","HALLMARK_APICAL_JUNCTION"
"ACTG1","TC17002825.hg","HALLMARK_APICAL_JUNCTION"
"ACTG1","TC06001971.hg","HALLMARK_APICAL_JUNCTION"
"ACTN1","TC14002059.hg","HALLMARK_APICAL_JUNCTION"
"ACTN1","TC14001255.hg","HALLMARK_APICAL_JUNCTION"
"ACTN2","TC01001955.hg","HALLMARK_APICAL_JUNCTION"
"ACTN3","TC11000671.hg","HALLMARK_APICAL_JUNCTION"
"ACTN4","TC19000532.hg","HALLMARK_APICAL_JUNCTION"
"ACVR1B","TC12000411.hg","HALLMARK_INFLAMMATORY_RESPONSE"
"ACVR2A","TC02000923.hg","HALLMARK_INFLAMMATORY_RESPONSE"
"ADAM17","TC02001558.hg","HALLMARK_WNT_BETA_CATENIN_SIGNALING"
"ADAM23","TC02001218.hg","HALLMARK_APICAL_JUNCTION"
"ADAM23","TC02003782.hg","HALLMARK_APICAL_JUNCTION"
"ADAM9","TC08001887.hg","HALLMARK_APICAL_JUNCTION"
"ADAM9","TC08000298.hg","HALLMARK_APICAL_JUNCTION"
"ADAMTS5","TC21000892.hg","HALLMARK_APICAL_JUNCTION"
"ADAMTS5","TC21000346.hg","HALLMARK_APICAL_JUNCTION"
"ADD1","TC04001860.hg","HALLMARK_APOPTOSIS"
"ADD1","TC04000039.hg","HALLMARK_APOPTOSIS"
"ADM","TC11000182.hg","HALLMARK_INFLAMMATORY_RESPONSE"
"ADORA2B","TC17000180.hg","HALLMARK_INFLAMMATORY_RESPONSE"
"ADRA1B","TC05000889.hg","HALLMARK_APICAL_JUNCTION"
"ADRM1","TC20000487.hg","HALLMARK_INFLAMMATORY_RESPONSE"
"AGER","TC06003599.hg","REACTOME_ACTIVATED_TLR4_SIGNALLING"
"AGER","TC06004049.hg","REACTOME_ACTIVATED_TLR4_SIGNALLING"
"AHR","TC07000112.hg","HALLMARK_INFLAMMATORY_RESPONSE"
"AICDA","TC12002739.hg","KEGG_INTESTINAL_IMMUNE_NETWORK_FOR_IGA_PRODUCTION"
"AICDA","TC12001180.hg","KEGG_INTESTINAL_IMMUNE_NETWORK_FOR_IGA_PRODUCTION"
"AIFM3","TC22000984.hg","HALLMARK_APOPTOSIS"
"AIFM3","TC22001453.hg","HALLMARK_APOPTOSIS"
"AKT3","TC01004040.hg","HALLMARK_APICAL_JUNCTION"
"AKT3","TC01006240.hg","HALLMARK_APICAL_JUNCTION"
"ALOX15B","TC17000124.hg","HALLMARK_APICAL_JUNCTION"
"AMH","TC19000051.hg","HALLMARK_APICAL_JUNCTION"
"AMIGO1","TC01002957.hg","HALLMARK_APICAL_JUNCTION"
"AMIGO2","TC12001430.hg","HALLMARK_APICAL_JUNCTION"
"ANKH","TC05001172.hg","HALLMARK_APOPTOSIS"
"ANXA1","TC09000335.hg","HALLMARK_APOPTOSIS"
"APLNR","TC11003162.hg","HALLMARK_INFLAMMATORY_RESPONSE"
"APLNR","TC11001786.hg","HALLMARK_INFLAMMATORY_RESPONSE"
"APP","TC21000340.hg","HALLMARK_APOPTOSIS"
"APP","TC21000340.hg","REACTOME_ACTIVATED_TLR4_SIGNALLING"
"APP","TC21000887.hg","HALLMARK_APOPTOSIS"
"APP","TC21000887.hg","REACTOME_ACTIVATED_TLR4_SIGNALLING"
"AQP9","TC15000441.hg","HALLMARK_INFLAMMATORY_RESPONSE"
"AREG","TC04002952.hg","HALLMARK_TNFA_SIGNALING_VIA_NFKB"
"AREG","TC04002953.hg","HALLMARK_TNFA_SIGNALING_VIA_NFKB"
"ARHGEF6","TC0X001416.hg","HALLMARK_APICAL_JUNCTION"
"ATF1","TC12000397.hg","REACTOME_ACTIVATED_TLR4_SIGNALLING"
"ATF2","TC02004705.hg","REACTOME_ACTIVATED_TLR4_SIGNALLING"
"ATF2","TC02002545.hg","REACTOME_ACTIVATED_TLR4_SIGNALLING"
"ATP1A3","TC19001563.hg","HALLMARK_APICAL_JUNCTION"
"ATP2A2","TC12000856.hg","HALLMARK_INFLAMMATORY_RESPONSE"
"ATP2B1","TC12001798.hg","HALLMARK_INFLAMMATORY_RESPONSE"
"ATP2B1","TC12001798.hg","HALLMARK_TNFA_SIGNALING_VIA_NFKB"
"ATP2C1","TC03000707.hg","HALLMARK_INFLAMMATORY_RESPONSE"
"AVPR1A","TC12001661.hg","HALLMARK_APOPTOSIS"
"AXIN1","TC16000725.hg","HALLMARK_WNT_BETA_CATENIN_SIGNALING"
"AXIN2","TC17002855.hg","HALLMARK_WNT_BETA_CATENIN_SIGNALING"
"AXL","TC19000576.hg","HALLMARK_INFLAMMATORY_RESPONSE"
"B4GALT1","TC09001008.hg","HALLMARK_TNFA_SIGNALING_VIA_NFKB"
"B4GALT1","TC09001008.hg","HALLMARK_APICAL_JUNCTION"
"B4GALT5","TC20000928.hg","HALLMARK_TNFA_SIGNALING_VIA_NFKB"
"BAIAP2","TC17000924.hg","HALLMARK_APICAL_JUNCTION"
"BAX","TC19002194.hg","HALLMARK_APOPTOSIS"
"BAX","TC19000716.hg","HALLMARK_APOPTOSIS"
"BCAP31","TC0X001516.hg","HALLMARK_APOPTOSIS"
"BCAP31","TC0X002285.hg","HALLMARK_APOPTOSIS"
"BCL10","TC01002828.hg","HALLMARK_APOPTOSIS"
"BCL2A1","TC15001719.hg","HALLMARK_TNFA_SIGNALING_VIA_NFKB"
"BCL2L1","TC20001531.hg","HALLMARK_APOPTOSIS"
"BCL2L10","TC15001452.hg","HALLMARK_APOPTOSIS"
"BCL2L2","TC14001595.hg","HALLMARK_APOPTOSIS"
"BCL2L2","TC14002291.hg","HALLMARK_APOPTOSIS"
"BCL3","TC19000627.hg","HALLMARK_TNFA_SIGNALING_VIA_NFKB"
"BCL6","TC03002096.hg","HALLMARK_TNFA_SIGNALING_VIA_NFKB"
"BDKRB1","TC14001832.hg","HALLMARK_INFLAMMATORY_RESPONSE"
"BDKRB1","TC14002311.hg","HALLMARK_INFLAMMATORY_RESPONSE"
"BEST1","TC11000544.hg","HALLMARK_INFLAMMATORY_RESPONSE"
"BGN","TC0X000750.hg","HALLMARK_APOPTOSIS"
"BHLHE40","TC03000015.hg","HALLMARK_TNFA_SIGNALING_VIA_NFKB"
"BID","TC22000476.hg","HALLMARK_APOPTOSIS"
"BIK","TC22000361.hg","HALLMARK_APOPTOSIS"
"BIRC2","TC11000957.hg","HALLMARK_TNFA_SIGNALING_VIA_NFKB"
"BIRC3","TC11000956.hg","HALLMARK_APOPTOSIS"
"BIRC3","TC11000956.hg","HALLMARK_TNFA_SIGNALING_VIA_NFKB"
"BMF","TC15001230.hg","HALLMARK_APOPTOSIS"
"BMP1","TC08000167.hg","HALLMARK_APICAL_JUNCTION"
"BMP1","TC08001833.hg","HALLMARK_APICAL_JUNCTION"
"BMP2","TC20000067.hg","HALLMARK_APOPTOSIS"
"BMP2","TC20000067.hg","HALLMARK_TNFA_SIGNALING_VIA_NFKB"
"BNIP3L","TC08000200.hg","HALLMARK_APOPTOSIS"
"BRCA1","TC17002645.hg","HALLMARK_APOPTOSIS"
"BRCA1","TC17001553.hg","HALLMARK_APOPTOSIS"
"BST2","TC19001275.hg","HALLMARK_INFLAMMATORY_RESPONSE"
"BTG1","TC12001807.hg","HALLMARK_TNFA_SIGNALING_VIA_NFKB"
"BTG2","TC01001685.hg","HALLMARK_APOPTOSIS"
"BTG2","TC01001685.hg","HALLMARK_TNFA_SIGNALING_VIA_NFKB"
"BTG2","TC01001685.hg","HALLMARK_INFLAMMATORY_RESPONSE"
"BTG3","TC21000299.hg","HALLMARK_TNFA_SIGNALING_VIA_NFKB"
"BTG3","TC21000299.hg","HALLMARK_APOPTOSIS"
"BTK","TC0X001218.hg","REACTOME_ACTIVATED_TLR4_SIGNALLING"
"BTK","TC0X002155.hg","REACTOME_ACTIVATED_TLR4_SIGNALLING"
"C1GALT1","TC07002132.hg","GO_INTESTINAL_EPITHELIAL_CELL_DEVELOPMENT"
"C1GALT1","TC07002132.hg","GO_INTESTINAL_EPITHELIAL_CELL_DIFFERENTIATION"
"C3AR1","TC12001171.hg","HALLMARK_INFLAMMATORY_RESPONSE"
"C5AR1","TC19000676.hg","HALLMARK_INFLAMMATORY_RESPONSE"
"CADM2","TC03000455.hg","HALLMARK_APICAL_JUNCTION"
"CADM2","TC03002416.hg","HALLMARK_APICAL_JUNCTION"
"CADM3","TC01006336.hg","HALLMARK_APICAL_JUNCTION"
"CALB2","TC16001621.hg","HALLMARK_APICAL_JUNCTION"
"CALB2","TC16000589.hg","HALLMARK_APICAL_JUNCTION"
"CALCRL","TC02002605.hg","HALLMARK_INFLAMMATORY_RESPONSE"
"CAP1","TC01000504.hg","HALLMARK_APICAL_JUNCTION"
"CASP1","TC11003505.hg","HALLMARK_APOPTOSIS"
"CASP2","TC07000932.hg","HALLMARK_APOPTOSIS"
"CASP3","TC04001807.hg","HALLMARK_APOPTOSIS"
"CASP4","TC11002246.hg","HALLMARK_APOPTOSIS"
"CASP6","TC04001464.hg","HALLMARK_APOPTOSIS"
"CASP7","TC10000825.hg","HALLMARK_APOPTOSIS"
"CASP8","TC02003767.hg","HALLMARK_APOPTOSIS"
"CASP9","TC01002245.hg","HALLMARK_APOPTOSIS"
"CAV1","TC07003339.hg","HALLMARK_APOPTOSIS"
"CCL17","TC16000489.hg","HALLMARK_INFLAMMATORY_RESPONSE"
"CCL2","TC17000383.hg","HALLMARK_INFLAMMATORY_RESPONSE"
"CCL2","TC17000383.hg","HALLMARK_TNFA_SIGNALING_VIA_NFKB"
"CCL20","TC02001364.hg","HALLMARK_TNFA_SIGNALING_VIA_NFKB"
"CCL20","TC02001364.hg","HALLMARK_INFLAMMATORY_RESPONSE"
"CCL22","TC16000487.hg","HALLMARK_INFLAMMATORY_RESPONSE"
"CCL24","TC07001536.hg","HALLMARK_INFLAMMATORY_RESPONSE"
"CCL25","TC19000143.hg","KEGG_INTESTINAL_IMMUNE_NETWORK_FOR_IGA_PRODUCTION"
"CCL27","TC09002914.hg","KEGG_INTESTINAL_IMMUNE_NETWORK_FOR_IGA_PRODUCTION"
"CCL4","TC17000408.hg","HALLMARK_TNFA_SIGNALING_VIA_NFKB"
"CCL5","TC17001378.hg","HALLMARK_INFLAMMATORY_RESPONSE"
"CCL5","TC17001378.hg","HALLMARK_TNFA_SIGNALING_VIA_NFKB"
"CCL7","TC17002170.hg","HALLMARK_INFLAMMATORY_RESPONSE"
"CCL7","TC17000384.hg","HALLMARK_INFLAMMATORY_RESPONSE"
"CCNA1","TC13000124.hg","HALLMARK_APOPTOSIS"
"CCND1","TC11000718.hg","HALLMARK_TNFA_SIGNALING_VIA_NFKB"
"CCND1","TC11000718.hg","HALLMARK_APOPTOSIS"
"CCND2","TC12000060.hg","HALLMARK_WNT_BETA_CATENIN_SIGNALING"
"CCND2","TC12000060.hg","HALLMARK_APOPTOSIS"
"CCR10","ADDON002811.hg","KEGG_INTESTINAL_IMMUNE_NETWORK_FOR_IGA_PRODUCTION"
"CCR10","TC17001539.hg","KEGG_INTESTINAL_IMMUNE_NETWORK_FOR_IGA_PRODUCTION"
"CCR7","TC17001466.hg","HALLMARK_INFLAMMATORY_RESPONSE"
"CCR9","TC03000251.hg","KEGG_INTESTINAL_IMMUNE_NETWORK_FOR_IGA_PRODUCTION"
"CCR9","TC03002319.hg","KEGG_INTESTINAL_IMMUNE_NETWORK_FOR_IGA_PRODUCTION"
"CD14","TC05001861.hg","REACTOME_ACTIVATED_TLR4_SIGNALLING"
"CD14","TC05001861.hg","HALLMARK_APOPTOSIS"
"CD14","TC05001861.hg","HALLMARK_INFLAMMATORY_RESPONSE"
"CD2","TC01001022.hg","HALLMARK_APOPTOSIS"
"CD209","TC19001118.hg","HALLMARK_APICAL_JUNCTION"
"CD209","TC19002313.hg","HALLMARK_APICAL_JUNCTION"
"CD274","TC09000037.hg","HALLMARK_APICAL_JUNCTION"
"CD276","TC15002271.hg","HALLMARK_APICAL_JUNCTION"
"CD276","TC15000667.hg","HALLMARK_APICAL_JUNCTION"
"CD28","TC02001199.hg","KEGG_INTESTINAL_IMMUNE_NETWORK_FOR_IGA_PRODUCTION"
"CD34","TC01006074.hg","HALLMARK_APICAL_JUNCTION"
"CD34","TC01003777.hg","HALLMARK_APICAL_JUNCTION"
"CD38","TC04000145.hg","HALLMARK_APOPTOSIS"
"CD40","TC20000365.hg","KEGG_INTESTINAL_IMMUNE_NETWORK_FOR_IGA_PRODUCTION"
"CD40","TC20000365.hg","HALLMARK_INFLAMMATORY_RESPONSE"
"CD40LG","TC0X000666.hg","KEGG_INTESTINAL_IMMUNE_NETWORK_FOR_IGA_PRODUCTION"
"CD44","TC11000332.hg","HALLMARK_APOPTOSIS"
"CD44","TC11000332.hg","HALLMARK_TNFA_SIGNALING_VIA_NFKB"
"CD48","TC01003407.hg","HALLMARK_INFLAMMATORY_RESPONSE"
"CD55","TC01001736.hg","HALLMARK_INFLAMMATORY_RESPONSE"
"CD69","TC12001207.hg","HALLMARK_APOPTOSIS"
"CD69","TC12001207.hg","HALLMARK_INFLAMMATORY_RESPONSE"
"CD69","TC12001207.hg","HALLMARK_TNFA_SIGNALING_VIA_NFKB"
"CD69","TC12002752.hg","HALLMARK_APOPTOSIS"
"CD69","TC12002752.hg","HALLMARK_INFLAMMATORY_RESPONSE"
"CD69","TC12002752.hg","HALLMARK_TNFA_SIGNALING_VIA_NFKB"
"CD70","TC19001101.hg","HALLMARK_INFLAMMATORY_RESPONSE"
"CD80","TC03001684.hg","KEGG_INTESTINAL_IMMUNE_NETWORK_FOR_IGA_PRODUCTION"
"CD80","TC03001684.hg","HALLMARK_TNFA_SIGNALING_VIA_NFKB"
"CD82","TC11000374.hg","HALLMARK_INFLAMMATORY_RESPONSE"
"CD83","TC06000099.hg","HALLMARK_TNFA_SIGNALING_VIA_NFKB"
"CD86","TC03000626.hg","HALLMARK_APICAL_JUNCTION"
"CD86","TC03000626.hg","KEGG_INTESTINAL_IMMUNE_NETWORK_FOR_IGA_PRODUCTION"
"CD99","TC0Y000014.hg","HALLMARK_APICAL_JUNCTION"
"CD99","TC0X000014.hg","HALLMARK_APICAL_JUNCTION"
"CDC25B","TC20000040.hg","HALLMARK_APOPTOSIS"
"CDH1","TC16000559.hg","HALLMARK_APICAL_JUNCTION"
"CDH11","TC16001165.hg","HALLMARK_APICAL_JUNCTION"
"CDH15","TC16001706.hg","HALLMARK_APICAL_JUNCTION"
"CDH15","TC16000692.hg","HALLMARK_APICAL_JUNCTION"
"CDH3","TC16001615.hg","HALLMARK_APICAL_JUNCTION"
"CDH3","TC16000558.hg","HALLMARK_APICAL_JUNCTION"
"CDH4","TC20000481.hg","HALLMARK_APICAL_JUNCTION"
"CDH4","TC20001333.hg","HALLMARK_APICAL_JUNCTION"
"CDH6","TC05000132.hg","HALLMARK_APICAL_JUNCTION"
"CDH8","TC16001161.hg","HALLMARK_APICAL_JUNCTION"
"CDK1","TC10000373.hg","REACTOME_ACTIVATED_TLR4_SIGNALLING"
"CDK2","TC12000496.hg","HALLMARK_APOPTOSIS"
"CDK8","TC13000068.hg","HALLMARK_APICAL_JUNCTION"
"CDK8","TC13000974.hg","HALLMARK_APICAL_JUNCTION"
"CDKN1B","TC12000178.hg","HALLMARK_APOPTOSIS"
"CDKN1B","TC12002253.hg","HALLMARK_APOPTOSIS"
"CDSN","TC6_mann_hap4000127.hg","HALLMARK_APICAL_JUNCTION"
"CDSN","TC06001518.hg","HALLMARK_APICAL_JUNCTION"
"CDSN","TC6_qbl_hap6000140.hg","HALLMARK_APICAL_JUNCTION"
"CDSN","TC6_mcf_hap5000127.hg","HALLMARK_APICAL_JUNCTION"
"CDSN","TC6_dbb_hap3000139.hg","HALLMARK_APICAL_JUNCTION"
"CDSN","TC6_cox_hap2000150.hg","HALLMARK_APICAL_JUNCTION"
"CDX2","TC13000513.hg","GO_INTESTINAL_EPITHELIAL_CELL_DIFFERENTIATION"
"CEBPB","TC20001277.hg","HALLMARK_TNFA_SIGNALING_VIA_NFKB"
"CEBPB","TC20000399.hg","HALLMARK_TNFA_SIGNALING_VIA_NFKB"
"CEBPD","TC08001190.hg","HALLMARK_TNFA_SIGNALING_VIA_NFKB"
"CERCAM","ADDON001067.hg","HALLMARK_APICAL_JUNCTION"
"CERCAM","ADDON001683.hg","HALLMARK_APICAL_JUNCTION"
"CERCAM","TC09002280.hg","HALLMARK_APICAL_JUNCTION"
"CERCAM","TC09000690.hg","HALLMARK_APICAL_JUNCTION"
"CFLAR","TC02003765.hg","HALLMARK_APOPTOSIS"
"CFLAR","TC02003765.hg","HALLMARK_TNFA_SIGNALING_VIA_NFKB"
"CFLAR","TC07000772.hg","HALLMARK_APOPTOSIS"
"CFLAR","TC07000772.hg","HALLMARK_TNFA_SIGNALING_VIA_NFKB"
"CFLAR","TC0X000206.hg","HALLMARK_APOPTOSIS"
"CFLAR","TC0X000206.hg","HALLMARK_TNFA_SIGNALING_VIA_NFKB"
"CFLAR","TC07000774.hg","HALLMARK_APOPTOSIS"
"CFLAR","TC07000774.hg","HALLMARK_TNFA_SIGNALING_VIA_NFKB"
"CFLAR","TC08001586.hg","HALLMARK_APOPTOSIS"
"CFLAR","TC08001586.hg","HALLMARK_TNFA_SIGNALING_VIA_NFKB"
"CFLAR","TC0X000186.hg","HALLMARK_APOPTOSIS"
"CFLAR","TC0X000186.hg","HALLMARK_TNFA_SIGNALING_VIA_NFKB"
"CFLAR","TC07001901.hg","HALLMARK_APOPTOSIS"
"CFLAR","TC07001901.hg","HALLMARK_TNFA_SIGNALING_VIA_NFKB"
"CFLAR","TC09000166.hg","HALLMARK_APOPTOSIS"
"CFLAR","TC09000166.hg","HALLMARK_TNFA_SIGNALING_VIA_NFKB"
"CFLAR","TC02001175.hg","HALLMARK_APOPTOSIS"
"CFLAR","TC02001175.hg","HALLMARK_TNFA_SIGNALING_VIA_NFKB"
"CFLAR","TC01002420.hg","HALLMARK_APOPTOSIS"
"CFLAR","TC01002420.hg","HALLMARK_TNFA_SIGNALING_VIA_NFKB"
"CHST2","TC03003405.hg","HALLMARK_INFLAMMATORY_RESPONSE"
"CHUK","TC10002931.hg","REACTOME_ACTIVATED_TLR4_SIGNALLING"
"CLCF1","TC11003440.hg","HALLMARK_TNFA_SIGNALING_VIA_NFKB"
"CLDN15","TC07001688.hg","HALLMARK_APICAL_JUNCTION"
"CLDN18","TC03000742.hg","HALLMARK_APICAL_JUNCTION"
"CLDN19","TC01002573.hg","HALLMARK_APICAL_JUNCTION"
"CLDN4","TC07000447.hg","HALLMARK_APICAL_JUNCTION"
"CLDN5","TC22000498.hg","HALLMARK_APICAL_JUNCTION"
"CLDN6","ADDON002816.hg","HALLMARK_APICAL_JUNCTION"
"CLDN6","TC16000797.hg","HALLMARK_APICAL_JUNCTION"
"CLDN7","TC17001083.hg","HALLMARK_APICAL_JUNCTION"
"CLDN8","TC21000363.hg","HALLMARK_APICAL_JUNCTION"
"CLEC5A","TC07001934.hg","HALLMARK_INFLAMMATORY_RESPONSE"
"CLU","TC08001081.hg","HALLMARK_APOPTOSIS"
"CLU","TC08002263.hg","HALLMARK_APOPTOSIS"
"CMKLR1","TC12003071.hg","HALLMARK_INFLAMMATORY_RESPONSE"
"CMKLR1","TC12001933.hg","HALLMARK_INFLAMMATORY_RESPONSE"
"CNN2","TC19000027.hg","HALLMARK_APICAL_JUNCTION"
"CNTN1","TC12000311.hg","HALLMARK_APICAL_JUNCTION"
"CNTN1","TC12002318.hg","HALLMARK_APICAL_JUNCTION"
"COL16A1","TC01002456.hg","HALLMARK_APICAL_JUNCTION"
"COL17A1","TC10001637.hg","HALLMARK_APICAL_JUNCTION"
"COL9A1","TC06001855.hg","HALLMARK_APICAL_JUNCTION"
"CRAT","TC09002809.hg","HALLMARK_APICAL_JUNCTION"
"CRAT","TC09001643.hg","HALLMARK_APICAL_JUNCTION"
"CRB3","TC19000115.hg","HALLMARK_APICAL_JUNCTION"
"CREB1","TC02001229.hg","REACTOME_ACTIVATED_TLR4_SIGNALLING"
"CREB1","TC02003791.hg","REACTOME_ACTIVATED_TLR4_SIGNALLING"
"CREBBP","TC16000823.hg","HALLMARK_APOPTOSIS"
"CSF1","TC01000955.hg","HALLMARK_INFLAMMATORY_RESPONSE"
"CSF1","TC01000955.hg","HALLMARK_TNFA_SIGNALING_VIA_NFKB"
"CSF2","TC05000629.hg","HALLMARK_TNFA_SIGNALING_VIA_NFKB"
"CSF3","TC17002194.hg","HALLMARK_INFLAMMATORY_RESPONSE"
"CSF3","TC17000486.hg","HALLMARK_INFLAMMATORY_RESPONSE"
"CSF3R","TC01002512.hg","HALLMARK_INFLAMMATORY_RESPONSE"
"CSNK1E","TC22001493.hg","HALLMARK_WNT_BETA_CATENIN_SIGNALING"
"CTH","TC01000757.hg","HALLMARK_APOPTOSIS"
"CTNNB1","TC03000214.hg","HALLMARK_APOPTOSIS"
"CTNNB1","TC03000214.hg","HALLMARK_WNT_BETA_CATENIN_SIGNALING"
"CTNND1","TC11003450.hg","HALLMARK_APICAL_JUNCTION"
"CTNND1","TC11002681.hg","HALLMARK_APICAL_JUNCTION"
"CUL1","TC07000969.hg","HALLMARK_WNT_BETA_CATENIN_SIGNALING"
"CX3CL1","TC16000488.hg","HALLMARK_APICAL_JUNCTION"
"CX3CL1","TC16000488.hg","HALLMARK_INFLAMMATORY_RESPONSE"
"CXCL1","TC04000411.hg","HALLMARK_TNFA_SIGNALING_VIA_NFKB"
"CXCL10","TC04001305.hg","HALLMARK_INFLAMMATORY_RESPONSE"
"CXCL10","TC04001305.hg","HALLMARK_TNFA_SIGNALING_VIA_NFKB"
"CXCL11","TC04002601.hg","HALLMARK_INFLAMMATORY_RESPONSE"
"CXCL11","TC04002601.hg","HALLMARK_TNFA_SIGNALING_VIA_NFKB"
"CXCL11","TC04001306.hg","HALLMARK_INFLAMMATORY_RESPONSE"
"CXCL11","TC04001306.hg","HALLMARK_TNFA_SIGNALING_VIA_NFKB"
"CXCL2","TC04001286.hg","HALLMARK_TNFA_SIGNALING_VIA_NFKB"
"CXCL3","TC04001284.hg","HALLMARK_TNFA_SIGNALING_VIA_NFKB"
"CXCL6","TC04002068.hg","HALLMARK_INFLAMMATORY_RESPONSE"
"CXCL6","TC04002068.hg","HALLMARK_TNFA_SIGNALING_VIA_NFKB"
"CXCL6","TC04000409.hg","HALLMARK_INFLAMMATORY_RESPONSE"
"CXCL6","TC04000409.hg","HALLMARK_TNFA_SIGNALING_VIA_NFKB"
"CXCL9","TC04001304.hg","HALLMARK_INFLAMMATORY_RESPONSE"
"CXCR4","TC02002378.hg","KEGG_INTESTINAL_IMMUNE_NETWORK_FOR_IGA_PRODUCTION"
"CXCR6","TC03000253.hg","HALLMARK_INFLAMMATORY_RESPONSE"
"CYBB","TC0X000171.hg","HALLMARK_INFLAMMATORY_RESPONSE"
"CYLD","TC16000443.hg","HALLMARK_APOPTOSIS"
"DAP","TC05001164.hg","HALLMARK_APOPTOSIS"
"DAP3","TC01001305.hg","HALLMARK_APOPTOSIS"
"DCBLD2","TC03001604.hg","HALLMARK_INFLAMMATORY_RESPONSE"
"DCBLD2","TC03003002.hg","HALLMARK_INFLAMMATORY_RESPONSE"
"DCN","TC12001804.hg","HALLMARK_APOPTOSIS"
"DDIT3","TC12001625.hg","HALLMARK_APOPTOSIS"
"DDX58","TC09000999.hg","HALLMARK_TNFA_SIGNALING_VIA_NFKB"
"DENND5A","TC11001397.hg","HALLMARK_TNFA_SIGNALING_VIA_NFKB"
"DFFA","TC01002190.hg","HALLMARK_APOPTOSIS"
"DHX16","TC6_qbl_hap6000128.hg","HALLMARK_APICAL_JUNCTION"
"DHX16","TC06001504.hg","HALLMARK_APICAL_JUNCTION"
"DHX16","TC6_cox_hap2000138.hg","HALLMARK_APICAL_JUNCTION"
"DHX16","TC6_dbb_hap3000127.hg","HALLMARK_APICAL_JUNCTION"
"DHX16","TC6_mann_hap4000116.hg","HALLMARK_APICAL_JUNCTION"
"DHX16","TC6_mcf_hap5000117.hg","HALLMARK_APICAL_JUNCTION"
"DHX16","TC06003577.hg","HALLMARK_APICAL_JUNCTION"
"DHX16","TC6_ssto_hap7000119.hg","HALLMARK_APICAL_JUNCTION"
"DHX16","TC6_apd_hap1000074.hg","HALLMARK_APICAL_JUNCTION"
"DIABLO","TC12003286.hg","HALLMARK_APOPTOSIS"
"DIABLO","TC12003130.hg","HALLMARK_APOPTOSIS"
"DKK1","TC10000350.hg","HALLMARK_WNT_BETA_CATENIN_SIGNALING"
"DKK4","TC08001178.hg","HALLMARK_WNT_BETA_CATENIN_SIGNALING"
"DLG1","TC03002174.hg","HALLMARK_APICAL_JUNCTION"
"DLL1","TC06002342.hg","HALLMARK_WNT_BETA_CATENIN_SIGNALING"
"DMP1","TC04000474.hg","HALLMARK_APICAL_JUNCTION"
"DNAJA1","TC09000134.hg","HALLMARK_APOPTOSIS"
"DNAJC3","TC13000336.hg","HALLMARK_APOPTOSIS"
"DNAJC3","TC13001241.hg","HALLMARK_APOPTOSIS"
"DNM1L","TC12000298.hg","HALLMARK_APOPTOSIS"
"DPYD","TC01002903.hg","HALLMARK_APOPTOSIS"
"DRAM1","TC12000793.hg","HALLMARK_TNFA_SIGNALING_VIA_NFKB"
"DSC1","TC18000437.hg","HALLMARK_APICAL_JUNCTION"
"DSC3","TC18000435.hg","HALLMARK_APICAL_JUNCTION"
"DUSP1","TC05002066.hg","HALLMARK_TNFA_SIGNALING_VIA_NFKB"
"DUSP2","TC02002102.hg","HALLMARK_TNFA_SIGNALING_VIA_NFKB"
"DUSP3","TC17001563.hg","REACTOME_ACTIVATED_TLR4_SIGNALLING"
"DUSP4","TC08001099.hg","REACTOME_ACTIVATED_TLR4_SIGNALLING"
"DUSP4","TC08001099.hg","HALLMARK_TNFA_SIGNALING_VIA_NFKB"
"DUSP4","TC08002271.hg","REACTOME_ACTIVATED_TLR4_SIGNALLING"
"DUSP4","TC08002271.hg","HALLMARK_TNFA_SIGNALING_VIA_NFKB"
"DUSP5","TC10000801.hg","HALLMARK_TNFA_SIGNALING_VIA_NFKB"
"DUSP6","TC12001796.hg","REACTOME_ACTIVATED_TLR4_SIGNALLING"
"DUSP7","TC03001445.hg","REACTOME_ACTIVATED_TLR4_SIGNALLING"
"DVL2","TC17001079.hg","HALLMARK_WNT_BETA_CATENIN_SIGNALING"
"EBI3","TC19000083.hg","HALLMARK_INFLAMMATORY_RESPONSE"
"EBP","TC0X000253.hg","HALLMARK_APOPTOSIS"
"ECSIT","TC19002336.hg","REACTOME_ACTIVATED_TLR4_SIGNALLING"
"ECSIT","TC19002679.hg","REACTOME_ACTIVATED_TLR4_SIGNALLING"
"EDN1","TC06000087.hg","HALLMARK_INFLAMMATORY_RESPONSE"
"EDN1","TC06000087.hg","HALLMARK_TNFA_SIGNALING_VIA_NFKB"
"EFNA1","TC01001288.hg","HALLMARK_TNFA_SIGNALING_VIA_NFKB"
"EGFR","TC07000328.hg","HALLMARK_APICAL_JUNCTION"
"EGFR","TC07002321.hg","HALLMARK_APICAL_JUNCTION"
"EGR1","TC05000701.hg","HALLMARK_TNFA_SIGNALING_VIA_NFKB"
"EGR3","TC08002253.hg","HALLMARK_TNFA_SIGNALING_VIA_NFKB"
"EGR3","TC08002253.hg","HALLMARK_APOPTOSIS"
"EGR3","TC08001044.hg","HALLMARK_TNFA_SIGNALING_VIA_NFKB"
"EGR3","TC08001044.hg","HALLMARK_APOPTOSIS"
"EIF1","TC17002207.hg","HALLMARK_TNFA_SIGNALING_VIA_NFKB"
"EIF1","TC17000514.hg","HALLMARK_TNFA_SIGNALING_VIA_NFKB"
"EIF2AK2","TC02001739.hg","HALLMARK_INFLAMMATORY_RESPONSE"
"EIF2AK2","TC02004161.hg","HALLMARK_INFLAMMATORY_RESPONSE"
"ELK1","TC0X000999.hg","REACTOME_ACTIVATED_TLR4_SIGNALLING"
"EMP1","TC12000189.hg","HALLMARK_APOPTOSIS"
"EMP3","TC19000699.hg","HALLMARK_INFLAMMATORY_RESPONSE"
"ENO2","TC12000099.hg","HALLMARK_APOPTOSIS"
"ERBB2","TC17000480.hg","HALLMARK_APOPTOSIS"
"ERBB3","TC12002388.hg","HALLMARK_APOPTOSIS"
"ERBB3","TC12003243.hg","HALLMARK_APOPTOSIS"
"EREG","TC04000414.hg","HALLMARK_APOPTOSIS"
"EREG","TC04000414.hg","HALLMARK_INFLAMMATORY_RESPONSE"
"ETF1","TC05001831.hg","HALLMARK_APOPTOSIS"
"ETS2","TC21000169.hg","HALLMARK_TNFA_SIGNALING_VIA_NFKB"
"EVL","TC14001850.hg","HALLMARK_APICAL_JUNCTION"
"EVL","TC14000630.hg","HALLMARK_APICAL_JUNCTION"
"F2","TC11002660.hg","HALLMARK_APOPTOSIS"
"F2","TC11000401.hg","HALLMARK_APOPTOSIS"
"F2R","TC05000370.hg","HALLMARK_APOPTOSIS"
"F2RL1","TC05000372.hg","HALLMARK_TNFA_SIGNALING_VIA_NFKB"
"F2RL1","TC05002459.hg","HALLMARK_TNFA_SIGNALING_VIA_NFKB"
"F3","TC01002886.hg","HALLMARK_TNFA_SIGNALING_VIA_NFKB"
"F3","TC01002886.hg","HALLMARK_INFLAMMATORY_RESPONSE"
"FAS","TC10002197.hg","HALLMARK_APOPTOSIS"
"FAS","TC10002196.hg","HALLMARK_APOPTOSIS"
"FASLG","TC01001506.hg","HALLMARK_APOPTOSIS"
"FBN1","TC15001335.hg","HALLMARK_APICAL_JUNCTION"
"FDXR","TC17001864.hg","HALLMARK_APOPTOSIS"
"FEZ1","TC11002421.hg","HALLMARK_APOPTOSIS"
"FEZ1","TC11002420.hg","HALLMARK_APOPTOSIS"
"FFAR2","TC19000470.hg","HALLMARK_INFLAMMATORY_RESPONSE"
"FJX1","TC11000337.hg","HALLMARK_TNFA_SIGNALING_VIA_NFKB"
"FLNC","TC07003161.hg","HALLMARK_APICAL_JUNCTION"
"FLNC","TC07000785.hg","HALLMARK_APICAL_JUNCTION"
"FOS","TC14000471.hg","REACTOME_ACTIVATED_TLR4_SIGNALLING"
"FOS","TC14000471.hg","HALLMARK_TNFA_SIGNALING_VIA_NFKB"
"FOSB","TC19002172.hg","HALLMARK_TNFA_SIGNALING_VIA_NFKB"
"FOSB","TC19000647.hg","HALLMARK_TNFA_SIGNALING_VIA_NFKB"
"FOSL1","TC11001948.hg","HALLMARK_TNFA_SIGNALING_VIA_NFKB"
"FOSL2","TC02000183.hg","HALLMARK_TNFA_SIGNALING_VIA_NFKB"
"FPR1","TC19001787.hg","HALLMARK_INFLAMMATORY_RESPONSE"
"FRAT1","TC10000692.hg","HALLMARK_WNT_BETA_CATENIN_SIGNALING"
"FSCN1","TC07000055.hg","HALLMARK_APICAL_JUNCTION"
"FZD1","TC07000543.hg","HALLMARK_WNT_BETA_CATENIN_SIGNALING"
"FZD5","TC02002714.hg","HALLMARK_INFLAMMATORY_RESPONSE"
"FZD8","TC10001179.hg","HALLMARK_WNT_BETA_CATENIN_SIGNALING"
"G0S2","TC01001749.hg","HALLMARK_TNFA_SIGNALING_VIA_NFKB"
"G0S2","TC01004998.hg","HALLMARK_TNFA_SIGNALING_VIA_NFKB"
"GABBR1","TC6_mann_hap4000197.hg","HALLMARK_INFLAMMATORY_RESPONSE"
"GABBR1","TC6_mcf_hap5000214.hg","HALLMARK_INFLAMMATORY_RESPONSE"
"GABBR1","TC6_dbb_hap3000227.hg","HALLMARK_INFLAMMATORY_RESPONSE"
"GABBR1","TC6_apd_hap1000125.hg","HALLMARK_INFLAMMATORY_RESPONSE"
"GABBR1","TC6_cox_hap2000248.hg","HALLMARK_INFLAMMATORY_RESPONSE"
"GABBR1","TC6_qbl_hap6000226.hg","HALLMARK_INFLAMMATORY_RESPONSE"
"GABBR1","TC06004112.hg","HALLMARK_INFLAMMATORY_RESPONSE"
"GADD45A","TC01000745.hg","HALLMARK_TNFA_SIGNALING_VIA_NFKB"
"GADD45A","TC01000745.hg","HALLMARK_APOPTOSIS"
"GADD45B","TC19000055.hg","HALLMARK_APOPTOSIS"
"GADD45B","TC19000055.hg","HALLMARK_TNFA_SIGNALING_VIA_NFKB"
"GADD45B","TC19001938.hg","HALLMARK_APOPTOSIS"
"GADD45B","TC19001938.hg","HALLMARK_TNFA_SIGNALING_VIA_NFKB"
"GAMT","TC19001003.hg","HALLMARK_APICAL_JUNCTION"
"GATA4","TC08000089.hg","GO_INTESTINAL_EPITHELIAL_CELL_DIFFERENTIATION"
"GATA5","TC20001011.hg","GO_INTESTINAL_EPITHELIAL_CELL_DIFFERENTIATION"
"GATA6","TC18000094.hg","GO_INTESTINAL_EPITHELIAL_CELL_DIFFERENTIATION"
"GCH1","TC14001152.hg","HALLMARK_APOPTOSIS"
"GCH1","TC14001152.hg","HALLMARK_TNFA_SIGNALING_VIA_NFKB"
"GCH1","TC14001152.hg","HALLMARK_INFLAMMATORY_RESPONSE"
"GCH1","TC14002019.hg","HALLMARK_APOPTOSIS"
"GCH1","TC14002019.hg","HALLMARK_TNFA_SIGNALING_VIA_NFKB"
"GCH1","TC14002019.hg","HALLMARK_INFLAMMATORY_RESPONSE"
"GEM","TC08001432.hg","HALLMARK_TNFA_SIGNALING_VIA_NFKB"
"GFPT2","TC05002146.hg","HALLMARK_TNFA_SIGNALING_VIA_NFKB"
"GNA15","TC19000065.hg","HALLMARK_INFLAMMATORY_RESPONSE"
"GNA15","TC19000065.hg","HALLMARK_APOPTOSIS"
"GNAI1","TC07002433.hg","HALLMARK_WNT_BETA_CATENIN_SIGNALING"
"GNAI1","TC07002433.hg","HALLMARK_APICAL_JUNCTION"
"GNAI1","TC07000508.hg","HALLMARK_WNT_BETA_CATENIN_SIGNALING"
"GNAI1","TC07000508.hg","HALLMARK_APICAL_JUNCTION"
"GNAI3","TC01000948.hg","HALLMARK_INFLAMMATORY_RESPONSE"
"GNAI3","TC01000947.hg","HALLMARK_INFLAMMATORY_RESPONSE"
"GNAI3","TC01004606.hg","HALLMARK_INFLAMMATORY_RESPONSE"
"GNAI3","TC01000949.hg","HALLMARK_INFLAMMATORY_RESPONSE"
"GP1BA","TC17000056.hg","HALLMARK_INFLAMMATORY_RESPONSE"
"GPC3","TC0X001378.hg","HALLMARK_INFLAMMATORY_RESPONSE"
"GPR132","TC14001564.hg","HALLMARK_INFLAMMATORY_RESPONSE"
"GPR183","TC13000829.hg","HALLMARK_TNFA_SIGNALING_VIA_NFKB"
"GPR183","TC13000829.hg","HALLMARK_INFLAMMATORY_RESPONSE"
"GPX3","TC05000837.hg","HALLMARK_APOPTOSIS"
"GPX3","TC05002693.hg","HALLMARK_APOPTOSIS"
"GPX4","TC19000030.hg","HALLMARK_APOPTOSIS"
"GRB7","TC17000481.hg","HALLMARK_APICAL_JUNCTION"
"GSN","TC09000608.hg","HALLMARK_APOPTOSIS"
"GSR","TC08001110.hg","HALLMARK_APOPTOSIS"
"GSTM1","TC01006400.hg","HALLMARK_APOPTOSIS"
"GTF2F1","TC19001094.hg","HALLMARK_APICAL_JUNCTION"
"GUCY2D","TC17000123.hg","HALLMARK_APOPTOSIS"
"H1F0","TC22000288.hg","HALLMARK_APOPTOSIS"
"HADH","TC04000556.hg","HALLMARK_APICAL_JUNCTION"
"HAS2","TC08001567.hg","HALLMARK_INFLAMMATORY_RESPONSE"
"HBEGF","TC05001854.hg","HALLMARK_TNFA_SIGNALING_VIA_NFKB"
"HBEGF","TC05001854.hg","HALLMARK_INFLAMMATORY_RESPONSE"
"HDAC11","TC03000076.hg","HALLMARK_WNT_BETA_CATENIN_SIGNALING"
"HDAC2","TC06003812.hg","HALLMARK_WNT_BETA_CATENIN_SIGNALING"
"HDAC2","TC06002035.hg","HALLMARK_WNT_BETA_CATENIN_SIGNALING"
"HDAC5","TC17001572.hg","HALLMARK_WNT_BETA_CATENIN_SIGNALING"
"HES1","TC03001071.hg","HALLMARK_TNFA_SIGNALING_VIA_NFKB"
"HES1","TC03002732.hg","HALLMARK_TNFA_SIGNALING_VIA_NFKB"
"HEY1","TC08001351.hg","HALLMARK_WNT_BETA_CATENIN_SIGNALING"
"HEY2","TC06000960.hg","HALLMARK_WNT_BETA_CATENIN_SIGNALING"
"HGF","TC07001562.hg","HALLMARK_APOPTOSIS"
"HIF1A","TC14002197.hg","HALLMARK_INFLAMMATORY_RESPONSE"
"HIF1A","TC14002197.hg","GO_INTESTINAL_EPITHELIAL_CELL_DIFFERENTIATION"
"HIF1A","TC14002197.hg","GO_INTESTINAL_EPITHELIAL_CELL_DEVELOPMENT"
"HLA-DMA","TC6_apd_hap1000118.hg","KEGG_INTESTINAL_IMMUNE_NETWORK_FOR_IGA_PRODUCTION"
"HLA-DMA","TC6_dbb_hap3000210.hg","KEGG_INTESTINAL_IMMUNE_NETWORK_FOR_IGA_PRODUCTION"
"HLA-DMB","TC6_apd_hap1000117.hg","KEGG_INTESTINAL_IMMUNE_NETWORK_FOR_IGA_PRODUCTION"
"HLA-DMB","TC6_mann_hap4000209.hg","KEGG_INTESTINAL_IMMUNE_NETWORK_FOR_IGA_PRODUCTION"
"HLA-DMB","TC6_qbl_hap6000236.hg","KEGG_INTESTINAL_IMMUNE_NETWORK_FOR_IGA_PRODUCTION"
"HLA-DMB","TC6_mcf_hap5000230.hg","KEGG_INTESTINAL_IMMUNE_NETWORK_FOR_IGA_PRODUCTION"
"HLA-DMB","TC6_dbb_hap3000209.hg","KEGG_INTESTINAL_IMMUNE_NETWORK_FOR_IGA_PRODUCTION"
"HLA-DMB","TC6_ssto_hap7000219.hg","KEGG_INTESTINAL_IMMUNE_NETWORK_FOR_IGA_PRODUCTION"
"HLA-DOA","TC6_cox_hap2000201.hg","KEGG_INTESTINAL_IMMUNE_NETWORK_FOR_IGA_PRODUCTION"
"HLA-DOA","TC6_qbl_hap6000189.hg","KEGG_INTESTINAL_IMMUNE_NETWORK_FOR_IGA_PRODUCTION"
"HLA-DOA","TC6_mcf_hap5000176.hg","KEGG_INTESTINAL_IMMUNE_NETWORK_FOR_IGA_PRODUCTION"
"HLA-DOA","TC6_mann_hap4000169.hg","KEGG_INTESTINAL_IMMUNE_NETWORK_FOR_IGA_PRODUCTION"
"HLA-DOA","TC6_dbb_hap3000187.hg","KEGG_INTESTINAL_IMMUNE_NETWORK_FOR_IGA_PRODUCTION"
"HLA-DOA","TC6_ssto_hap7000171.hg","KEGG_INTESTINAL_IMMUNE_NETWORK_FOR_IGA_PRODUCTION"
"HLA-DOA","TC06001577.hg","KEGG_INTESTINAL_IMMUNE_NETWORK_FOR_IGA_PRODUCTION"
"HLA-DOB","TC6_cox_hap2000256.hg","KEGG_INTESTINAL_IMMUNE_NETWORK_FOR_IGA_PRODUCTION"
"HLA-DOB","TC6_mcf_hap5000224.hg","KEGG_INTESTINAL_IMMUNE_NETWORK_FOR_IGA_PRODUCTION"
"HLA-DOB","TC06004125.hg","KEGG_INTESTINAL_IMMUNE_NETWORK_FOR_IGA_PRODUCTION"
"HLA-DOB","TC6_apd_hap1000129.hg","KEGG_INTESTINAL_IMMUNE_NETWORK_FOR_IGA_PRODUCTION"
"HLA-DOB","TC6_ssto_hap7000212.hg","KEGG_INTESTINAL_IMMUNE_NETWORK_FOR_IGA_PRODUCTION"
"HLA-DOB","TC6_dbb_hap3000241.hg","KEGG_INTESTINAL_IMMUNE_NETWORK_FOR_IGA_PRODUCTION"
"HLA-DPA1","TC6_mcf_hap5000177.hg","KEGG_INTESTINAL_IMMUNE_NETWORK_FOR_IGA_PRODUCTION"
"HLA-DPA1","TC06001578.hg","KEGG_INTESTINAL_IMMUNE_NETWORK_FOR_IGA_PRODUCTION"
"HLA-DPA1","TC6_dbb_hap3000188.hg","KEGG_INTESTINAL_IMMUNE_NETWORK_FOR_IGA_PRODUCTION"
"HLA-DPA1","TC6_mann_hap4000170.hg","KEGG_INTESTINAL_IMMUNE_NETWORK_FOR_IGA_PRODUCTION"
"HLA-DPA1","TC6_apd_hap1000107.hg","KEGG_INTESTINAL_IMMUNE_NETWORK_FOR_IGA_PRODUCTION"
"HLA-DPA1","TC6_ssto_hap7000172.hg","KEGG_INTESTINAL_IMMUNE_NETWORK_FOR_IGA_PRODUCTION"
"HLA-DPA1","TC6_cox_hap2000202.hg","KEGG_INTESTINAL_IMMUNE_NETWORK_FOR_IGA_PRODUCTION"
"HLA-DPA1","TC6_qbl_hap6000190.hg","KEGG_INTESTINAL_IMMUNE_NETWORK_FOR_IGA_PRODUCTION"
"HLA-DQA1","TC06000400.hg","KEGG_INTESTINAL_IMMUNE_NETWORK_FOR_IGA_PRODUCTION"
"HLA-DQA1","TC6_mann_hap4000075.hg","KEGG_INTESTINAL_IMMUNE_NETWORK_FOR_IGA_PRODUCTION"
"HLA-DQA1","TC6_dbb_hap3000084.hg","KEGG_INTESTINAL_IMMUNE_NETWORK_FOR_IGA_PRODUCTION"
"HLA-DQA1","TC6_ssto_hap7000077.hg","KEGG_INTESTINAL_IMMUNE_NETWORK_FOR_IGA_PRODUCTION"
"HLA-DQA1","TC6_qbl_hap6000082.hg","KEGG_INTESTINAL_IMMUNE_NETWORK_FOR_IGA_PRODUCTION"
"HLA-DQA1","TC6_cox_hap2000091.hg","KEGG_INTESTINAL_IMMUNE_NETWORK_FOR_IGA_PRODUCTION"
"HLA-DQA2","TC06000403.hg","KEGG_INTESTINAL_IMMUNE_NETWORK_FOR_IGA_PRODUCTION"
"HLA-DQA2","TC6_ssto_hap7000080.hg","KEGG_INTESTINAL_IMMUNE_NETWORK_FOR_IGA_PRODUCTION"
"HLA-DQA2","TC6_mcf_hap5000079.hg","KEGG_INTESTINAL_IMMUNE_NETWORK_FOR_IGA_PRODUCTION"
"HLA-DQA2","TC6_mann_hap4000078.hg","KEGG_INTESTINAL_IMMUNE_NETWORK_FOR_IGA_PRODUCTION"
"HLA-DQA2","TC6_dbb_hap3000087.hg","KEGG_INTESTINAL_IMMUNE_NETWORK_FOR_IGA_PRODUCTION"
"HLA-DQA2","TC6_cox_hap2000094.hg","KEGG_INTESTINAL_IMMUNE_NETWORK_FOR_IGA_PRODUCTION"
"HLA-DQA2","TC6_apd_hap1000047.hg","KEGG_INTESTINAL_IMMUNE_NETWORK_FOR_IGA_PRODUCTION"
"HLA-DQA2","TC6_qbl_hap6000085.hg","KEGG_INTESTINAL_IMMUNE_NETWORK_FOR_IGA_PRODUCTION"
"HLA-DQA2","TC6_qbl_hap6000082.hg","KEGG_INTESTINAL_IMMUNE_NETWORK_FOR_IGA_PRODUCTION"
"HLA-DQA2","TC6_cox_hap2000091.hg","KEGG_INTESTINAL_IMMUNE_NETWORK_FOR_IGA_PRODUCTION"
"HLA-DQB1","TC6_dbb_hap3000181.hg","KEGG_INTESTINAL_IMMUNE_NETWORK_FOR_IGA_PRODUCTION"
"HLA-DQB1","TC6_cox_hap2000195.hg","KEGG_INTESTINAL_IMMUNE_NETWORK_FOR_IGA_PRODUCTION"
"HLA-DQB1","TC6_mann_hap4000163.hg","KEGG_INTESTINAL_IMMUNE_NETWORK_FOR_IGA_PRODUCTION"
"HLA-DQB1","TC6_ssto_hap7000165.hg","KEGG_INTESTINAL_IMMUNE_NETWORK_FOR_IGA_PRODUCTION"
"HLA-DQB1","TC06001570.hg","KEGG_INTESTINAL_IMMUNE_NETWORK_FOR_IGA_PRODUCTION"
"HLA-DQB1","TC6_mcf_hap5000170.hg","KEGG_INTESTINAL_IMMUNE_NETWORK_FOR_IGA_PRODUCTION"
"HLA-DQB1","TC06003603.hg","KEGG_INTESTINAL_IMMUNE_NETWORK_FOR_IGA_PRODUCTION"
"HLA-DQB1","TC6_qbl_hap6000183.hg","KEGG_INTESTINAL_IMMUNE_NETWORK_FOR_IGA_PRODUCTION"
"HLA-DRA","TC6_cox_hap2000090.hg","KEGG_INTESTINAL_IMMUNE_NETWORK_FOR_IGA_PRODUCTION"
"HLA-DRA","TC6_qbl_hap6000081.hg","KEGG_INTESTINAL_IMMUNE_NETWORK_FOR_IGA_PRODUCTION"
"HLA-DRA","TC6_mcf_hap5000075.hg","KEGG_INTESTINAL_IMMUNE_NETWORK_FOR_IGA_PRODUCTION"
"HLA-DRA","TC6_ssto_hap7000076.hg","KEGG_INTESTINAL_IMMUNE_NETWORK_FOR_IGA_PRODUCTION"
"HLA-DRA","TC6_dbb_hap3000083.hg","KEGG_INTESTINAL_IMMUNE_NETWORK_FOR_IGA_PRODUCTION"
"HLA-DRA","TC06000399.hg","KEGG_INTESTINAL_IMMUNE_NETWORK_FOR_IGA_PRODUCTION"
"HLA-DRA","TC6_mann_hap4000074.hg","KEGG_INTESTINAL_IMMUNE_NETWORK_FOR_IGA_PRODUCTION"
"HLA-DRB1","TC6_qbl_hap6000182.hg","KEGG_INTESTINAL_IMMUNE_NETWORK_FOR_IGA_PRODUCTION"
"HLA-DRB1","TC6_ssto_hap7000162.hg","KEGG_INTESTINAL_IMMUNE_NETWORK_FOR_IGA_PRODUCTION"
"HLA-DRB1","TC06004123.hg","KEGG_INTESTINAL_IMMUNE_NETWORK_FOR_IGA_PRODUCTION"
"HLA-DRB1","TC6_dbb_hap3000208.hg","KEGG_INTESTINAL_IMMUNE_NETWORK_FOR_IGA_PRODUCTION"
"HLA-DRB1","TC6_cox_hap2000193.hg","KEGG_INTESTINAL_IMMUNE_NETWORK_FOR_IGA_PRODUCTION"
"HLA-DRB1","TC6_ssto_hap7000164.hg","KEGG_INTESTINAL_IMMUNE_NETWORK_FOR_IGA_PRODUCTION"
"HLA-DRB1","TC6_mann_hap4000158.hg","KEGG_INTESTINAL_IMMUNE_NETWORK_FOR_IGA_PRODUCTION"
"HLA-DRB1","TC6_mcf_hap5000168.hg","KEGG_INTESTINAL_IMMUNE_NETWORK_FOR_IGA_PRODUCTION"
"HLA-DRB1","TC6_mann_hap4000161.hg","KEGG_INTESTINAL_IMMUNE_NETWORK_FOR_IGA_PRODUCTION"
"HLA-DRB1","TC6_mann_hap4000160.hg","KEGG_INTESTINAL_IMMUNE_NETWORK_FOR_IGA_PRODUCTION"
"HLA-DRB1","TC6_dbb_hap3000180.hg","KEGG_INTESTINAL_IMMUNE_NETWORK_FOR_IGA_PRODUCTION"
"HLA-DRB1","TC6_dbb_hap3000179.hg","KEGG_INTESTINAL_IMMUNE_NETWORK_FOR_IGA_PRODUCTION"
"HLA-DRB1","TC6_cox_hap2000194.hg","KEGG_INTESTINAL_IMMUNE_NETWORK_FOR_IGA_PRODUCTION"
"HLA-DRB3","TC6_ssto_hap7000164.hg","KEGG_INTESTINAL_IMMUNE_NETWORK_FOR_IGA_PRODUCTION"
"HLA-DRB3","TC6_apd_hap1000101.hg","KEGG_INTESTINAL_IMMUNE_NETWORK_FOR_IGA_PRODUCTION"
"HLA-DRB3","TC6_dbb_hap3000208.hg","KEGG_INTESTINAL_IMMUNE_NETWORK_FOR_IGA_PRODUCTION"
"HLA-DRB4","TC6_mcf_hap5000169.hg","KEGG_INTESTINAL_IMMUNE_NETWORK_FOR_IGA_PRODUCTION"
"HLA-DRB4","TC6_mann_hap4000161.hg","KEGG_INTESTINAL_IMMUNE_NETWORK_FOR_IGA_PRODUCTION"
"HLA-DRB4","TC6_mann_hap4000159.hg","KEGG_INTESTINAL_IMMUNE_NETWORK_FOR_IGA_PRODUCTION"
"HLA-DRB4","TC6_ssto_hap7000163.hg","KEGG_INTESTINAL_IMMUNE_NETWORK_FOR_IGA_PRODUCTION"
"HLA-DRB5","TC06004122.hg","KEGG_INTESTINAL_IMMUNE_NETWORK_FOR_IGA_PRODUCTION"
"HLA-DRB5","TC6_dbb_hap3000180.hg","KEGG_INTESTINAL_IMMUNE_NETWORK_FOR_IGA_PRODUCTION"
"HMGB1","TC03002252.hg","REACTOME_ACTIVATED_TLR4_SIGNALLING"
"HMGB1","TC03000120.hg","REACTOME_ACTIVATED_TLR4_SIGNALLING"
"HMGB1","TC03002251.hg","REACTOME_ACTIVATED_TLR4_SIGNALLING"
"HMGB1","TC13001407.hg","REACTOME_ACTIVATED_TLR4_SIGNALLING"
"HMGB2","TC04001741.hg","HALLMARK_APOPTOSIS"
"HMOX1","TC22001089.hg","HALLMARK_APOPTOSIS"
"HMOX1","TC22000259.hg","HALLMARK_APOPTOSIS"
"HOXA5","TC07001221.hg","GO_INTESTINAL_EPITHELIAL_CELL_DEVELOPMENT"
"HOXA5","TC07001221.hg","GO_INTESTINAL_EPITHELIAL_CELL_DIFFERENTIATION"
"HPN","TC19000456.hg","HALLMARK_INFLAMMATORY_RESPONSE"
"HRAS","TC11001236.hg","HALLMARK_APICAL_JUNCTION"
"HRH1","TC03000064.hg","HALLMARK_INFLAMMATORY_RESPONSE"
"HSPB1","TC09002591.hg","HALLMARK_APOPTOSIS"
"HSPB1","TC07000485.hg","HALLMARK_APOPTOSIS"
"ICAM1","TC19000174.hg","HALLMARK_TNFA_SIGNALING_VIA_NFKB"
"ICAM1","TC19000174.hg","HALLMARK_INFLAMMATORY_RESPONSE"
"ICAM1","TC19000174.hg","HALLMARK_APICAL_JUNCTION"
"ICAM1","TC19001977.hg","HALLMARK_TNFA_SIGNALING_VIA_NFKB"
"ICAM1","TC19001977.hg","HALLMARK_INFLAMMATORY_RESPONSE"
"ICAM1","TC19001977.hg","HALLMARK_APICAL_JUNCTION"
"ICAM2","TC17001794.hg","HALLMARK_APICAL_JUNCTION"
"ICAM4","TC19001978.hg","HALLMARK_INFLAMMATORY_RESPONSE"
"ICAM4","TC19001978.hg","HALLMARK_APICAL_JUNCTION"
"ICAM4","TC19000175.hg","HALLMARK_INFLAMMATORY_RESPONSE"
"ICAM4","TC19000175.hg","HALLMARK_APICAL_JUNCTION"
"ICAM5","TC19000176.hg","HALLMARK_APICAL_JUNCTION"
"ICOS","TC02001202.hg","KEGG_INTESTINAL_IMMUNE_NETWORK_FOR_IGA_PRODUCTION"
"ICOSLG","TC21000516.hg","KEGG_INTESTINAL_IMMUNE_NETWORK_FOR_IGA_PRODUCTION"
"ICOSLG","TC21000516.hg","HALLMARK_INFLAMMATORY_RESPONSE"
"ICOSLG","TC21000516.hg","HALLMARK_TNFA_SIGNALING_VIA_NFKB"
"ID2","TC02000041.hg","HALLMARK_TNFA_SIGNALING_VIA_NFKB"
"IER2","TC19000237.hg","HALLMARK_TNFA_SIGNALING_VIA_NFKB"
"IER3","TC06001510.hg","HALLMARK_TNFA_SIGNALING_VIA_NFKB"
"IER3","TC06001510.hg","HALLMARK_APOPTOSIS"
"IER3","TC6_mann_hap4000121.hg","HALLMARK_TNFA_SIGNALING_VIA_NFKB"
"IER3","TC6_mann_hap4000121.hg","HALLMARK_APOPTOSIS"
"IER3","TC6_ssto_hap7000123.hg","HALLMARK_TNFA_SIGNALING_VIA_NFKB"
"IER3","TC6_ssto_hap7000123.hg","HALLMARK_APOPTOSIS"
"IER3","TC6_cox_hap2000143.hg","HALLMARK_TNFA_SIGNALING_VIA_NFKB"
"IER3","TC6_cox_hap2000143.hg","HALLMARK_APOPTOSIS"
"IER3","TC6_dbb_hap3000132.hg","HALLMARK_TNFA_SIGNALING_VIA_NFKB"
"IER3","TC6_dbb_hap3000132.hg","HALLMARK_APOPTOSIS"
"IER3","ADDON002807.hg","HALLMARK_TNFA_SIGNALING_VIA_NFKB"
"IER3","ADDON002807.hg","HALLMARK_APOPTOSIS"
"IER3","TC6_qbl_hap6000133.hg","HALLMARK_TNFA_SIGNALING_VIA_NFKB"
"IER3","TC6_qbl_hap6000133.hg","HALLMARK_APOPTOSIS"
"IER5","TC01001569.hg","HALLMARK_TNFA_SIGNALING_VIA_NFKB"
"IER5","TC01004871.hg","HALLMARK_TNFA_SIGNALING_VIA_NFKB"
"IFIH1","TC02002481.hg","HALLMARK_TNFA_SIGNALING_VIA_NFKB"
"IFIT2","TC10000636.hg","HALLMARK_TNFA_SIGNALING_VIA_NFKB"
"IFITM1","TC11000011.hg","HALLMARK_INFLAMMATORY_RESPONSE"
"IFITM3","TC11001230.hg","HALLMARK_APOPTOSIS"
"IFNAR1","TC21000128.hg","HALLMARK_INFLAMMATORY_RESPONSE"
"IFNB1","TC09000946.hg","HALLMARK_APOPTOSIS"
"IFNGR1","TC06002152.hg","HALLMARK_APOPTOSIS"
"IFNGR2","TC21000129.hg","HALLMARK_INFLAMMATORY_RESPONSE"
"IFNGR2","TC21000129.hg","HALLMARK_TNFA_SIGNALING_VIA_NFKB"
"IGF2R","TC06001152.hg","HALLMARK_APOPTOSIS"
"IGFBP6","TC12000428.hg","HALLMARK_APOPTOSIS"
"IKBKB","TC08000325.hg","REACTOME_ACTIVATED_TLR4_SIGNALLING"
"IKBKB","TC08001896.hg","REACTOME_ACTIVATED_TLR4_SIGNALLING"
"IKBKE","TC01001723.hg","REACTOME_ACTIVATED_TLR4_SIGNALLING"
"IKBKG","TC0X001941.hg","REACTOME_ACTIVATED_TLR4_SIGNALLING"
"IKBKG","TC0X001941.hg","HALLMARK_APICAL_JUNCTION"
"IKBKG","TC0X001541.hg","REACTOME_ACTIVATED_TLR4_SIGNALLING"
"IKBKG","TC0X001541.hg","HALLMARK_APICAL_JUNCTION"
"IL10","TC01006066.hg","KEGG_INTESTINAL_IMMUNE_NETWORK_FOR_IGA_PRODUCTION"
"IL10","TC01006066.hg","HALLMARK_INFLAMMATORY_RESPONSE"
"IL10","TC01003766.hg","KEGG_INTESTINAL_IMMUNE_NETWORK_FOR_IGA_PRODUCTION"
"IL10","TC01003766.hg","HALLMARK_INFLAMMATORY_RESPONSE"
"IL10RA","TC11001058.hg","HALLMARK_INFLAMMATORY_RESPONSE"
"IL10RA","TC11002896.hg","HALLMARK_INFLAMMATORY_RESPONSE"
"IL12B","TC05001997.hg","HALLMARK_INFLAMMATORY_RESPONSE"
"IL12B","TC05001997.hg","HALLMARK_TNFA_SIGNALING_VIA_NFKB"
"IL15","TC04002235.hg","KEGG_INTESTINAL_IMMUNE_NETWORK_FOR_IGA_PRODUCTION"
"IL15","TC04002235.hg","HALLMARK_INFLAMMATORY_RESPONSE"
"IL15","TC04000693.hg","KEGG_INTESTINAL_IMMUNE_NETWORK_FOR_IGA_PRODUCTION"
"IL15","TC04000693.hg","HALLMARK_INFLAMMATORY_RESPONSE"
"IL15RA","TC10001006.hg","KEGG_INTESTINAL_IMMUNE_NETWORK_FOR_IGA_PRODUCTION"
"IL15RA","TC10001006.hg","HALLMARK_TNFA_SIGNALING_VIA_NFKB"
"IL15RA","TC10001006.hg","HALLMARK_INFLAMMATORY_RESPONSE"
"IL15RA","TC10002441.hg","KEGG_INTESTINAL_IMMUNE_NETWORK_FOR_IGA_PRODUCTION"
"IL15RA","TC10002441.hg","HALLMARK_TNFA_SIGNALING_VIA_NFKB"
"IL15RA","TC10002441.hg","HALLMARK_INFLAMMATORY_RESPONSE"
"IL18","TC11002293.hg","HALLMARK_INFLAMMATORY_RESPONSE"
"IL18","TC11002293.hg","HALLMARK_APOPTOSIS"
"IL18","TC11002293.hg","HALLMARK_TNFA_SIGNALING_VIA_NFKB"
"IL18R1","TC02004995.hg","HALLMARK_INFLAMMATORY_RESPONSE"
"IL18RAP","TC02000623.hg","HALLMARK_INFLAMMATORY_RESPONSE"
"IL1A","TC02002218.hg","HALLMARK_APOPTOSIS"
"IL1A","TC02002218.hg","HALLMARK_TNFA_SIGNALING_VIA_NFKB"
"IL1A","TC02002218.hg","HALLMARK_INFLAMMATORY_RESPONSE"
"IL1B","TC02002219.hg","HALLMARK_APOPTOSIS"
"IL1B","TC02002219.hg","HALLMARK_TNFA_SIGNALING_VIA_NFKB"
"IL1B","TC02002219.hg","HALLMARK_INFLAMMATORY_RESPONSE"
"IL1R1","TC02000620.hg","HALLMARK_INFLAMMATORY_RESPONSE"
"IL2","TC04001520.hg","KEGG_INTESTINAL_IMMUNE_NETWORK_FOR_IGA_PRODUCTION"
"IL2","TC04002704.hg","KEGG_INTESTINAL_IMMUNE_NETWORK_FOR_IGA_PRODUCTION"
"IL23A","TC12002390.hg","HALLMARK_TNFA_SIGNALING_VIA_NFKB"
"IL23A","TC12000512.hg","HALLMARK_TNFA_SIGNALING_VIA_NFKB"
"IL2RB","TC22000722.hg","HALLMARK_INFLAMMATORY_RESPONSE"
"IL4","TC05000641.hg","KEGG_INTESTINAL_IMMUNE_NETWORK_FOR_IGA_PRODUCTION"
"IL4R","TC16000293.hg","HALLMARK_INFLAMMATORY_RESPONSE"
"IL5","TC05003236.hg","KEGG_INTESTINAL_IMMUNE_NETWORK_FOR_IGA_PRODUCTION"
"IL5","TC05001769.hg","KEGG_INTESTINAL_IMMUNE_NETWORK_FOR_IGA_PRODUCTION"
"IL6","TC07000137.hg","HALLMARK_TNFA_SIGNALING_VIA_NFKB"
"IL6","TC07000137.hg","HALLMARK_INFLAMMATORY_RESPONSE"
"IL6","TC07000137.hg","KEGG_INTESTINAL_IMMUNE_NETWORK_FOR_IGA_PRODUCTION"
"IL6","TC07000137.hg","HALLMARK_APOPTOSIS"
"IL6ST","TC05001366.hg","HALLMARK_TNFA_SIGNALING_VIA_NFKB"
"IL6ST","TC05003005.hg","HALLMARK_TNFA_SIGNALING_VIA_NFKB"
"IL7R","TC05000159.hg","HALLMARK_TNFA_SIGNALING_VIA_NFKB"
"IL7R","TC05000159.hg","HALLMARK_INFLAMMATORY_RESPONSE"
"INHBA","TC07002911.hg","HALLMARK_INFLAMMATORY_RESPONSE"
"INHBA","TC07002911.hg","HALLMARK_TNFA_SIGNALING_VIA_NFKB"
"INHBA","TC07001318.hg","HALLMARK_INFLAMMATORY_RESPONSE"
"INHBA","TC07001318.hg","HALLMARK_TNFA_SIGNALING_VIA_NFKB"
"INPPL1","TC11000756.hg","HALLMARK_APICAL_JUNCTION"
"INSIG1","TC07001039.hg","HALLMARK_APICAL_JUNCTION"
"IRAK1","TC0X001524.hg","REACTOME_ACTIVATED_TLR4_SIGNALLING"
"IRAK2","TC03000056.hg","REACTOME_ACTIVATED_TLR4_SIGNALLING"
"IRAK2","TC03000056.hg","HALLMARK_INFLAMMATORY_RESPONSE"
"IRAK3","TC12000591.hg","REACTOME_ACTIVATED_TLR4_SIGNALLING"
"IRAK3","TC12002425.hg","REACTOME_ACTIVATED_TLR4_SIGNALLING"
"IRAK4","TC12000325.hg","REACTOME_ACTIVATED_TLR4_SIGNALLING"
"IRF3","TC19001722.hg","REACTOME_ACTIVATED_TLR4_SIGNALLING"
"IRF7","TC11001241.hg","REACTOME_ACTIVATED_TLR4_SIGNALLING"
"IRF7","TC11001241.hg","HALLMARK_INFLAMMATORY_RESPONSE"
"IRS1","TC02004835.hg","HALLMARK_APICAL_JUNCTION"
"IRS1","TC02002830.hg","HALLMARK_APICAL_JUNCTION"
"IRS2","TC13000871.hg","HALLMARK_TNFA_SIGNALING_VIA_NFKB"
"ITGA10","TC01001095.hg","HALLMARK_APICAL_JUNCTION"
"ITGA2","TC05000218.hg","HALLMARK_APICAL_JUNCTION"
"ITGA3","TC17000654.hg","HALLMARK_APICAL_JUNCTION"
"ITGA4","TC02003729.hg","KEGG_INTESTINAL_IMMUNE_NETWORK_FOR_IGA_PRODUCTION"
"ITGA4","TC02001083.hg","KEGG_INTESTINAL_IMMUNE_NETWORK_FOR_IGA_PRODUCTION"
"ITGA5","TC12001571.hg","HALLMARK_INFLAMMATORY_RESPONSE"
"ITGA9","TC03002285.hg","HALLMARK_APICAL_JUNCTION"
"ITGA9","TC03000181.hg","HALLMARK_APICAL_JUNCTION"
"ITGB1","TC10001163.hg","HALLMARK_APICAL_JUNCTION"
"ITGB3","TC17002878.hg","HALLMARK_INFLAMMATORY_RESPONSE"
"ITGB4","TC17000861.hg","HALLMARK_APICAL_JUNCTION"
"ITGB7","TC12001544.hg","KEGG_INTESTINAL_IMMUNE_NETWORK_FOR_IGA_PRODUCTION"
"ITGB8","TC07002184.hg","HALLMARK_INFLAMMATORY_RESPONSE"
"ITGB8","TC07000125.hg","HALLMARK_INFLAMMATORY_RESPONSE"
"ITGB8","TC07002185.hg","HALLMARK_INFLAMMATORY_RESPONSE"
"JAG1","TC20000621.hg","HALLMARK_TNFA_SIGNALING_VIA_NFKB"
"JAG1","TC20000621.hg","HALLMARK_WNT_BETA_CATENIN_SIGNALING"
"JAG1","TC20001421.hg","HALLMARK_TNFA_SIGNALING_VIA_NFKB"
"JAG1","TC20001421.hg","HALLMARK_WNT_BETA_CATENIN_SIGNALING"
"JAG2","TC14002333.hg","HALLMARK_WNT_BETA_CATENIN_SIGNALING"
"JAM3","TC11001212.hg","HALLMARK_APICAL_JUNCTION"
"JUN","TC01002708.hg","HALLMARK_APOPTOSIS"
"JUN","TC01002708.hg","HALLMARK_TNFA_SIGNALING_VIA_NFKB"
"JUN","TC01002708.hg","REACTOME_ACTIVATED_TLR4_SIGNALLING"
"JUNB","TC19000228.hg","HALLMARK_TNFA_SIGNALING_VIA_NFKB"
"JUNB","TC19001995.hg","HALLMARK_TNFA_SIGNALING_VIA_NFKB"
"JUP","TC17002907.hg","HALLMARK_APICAL_JUNCTION"
"KAT2A","TC17001524.hg","HALLMARK_WNT_BETA_CATENIN_SIGNALING"
"KCNA3","TC01002977.hg","HALLMARK_INFLAMMATORY_RESPONSE"
"KCNH2","TC07002024.hg","HALLMARK_APICAL_JUNCTION"
"KCNJ2","TC17000813.hg","HALLMARK_INFLAMMATORY_RESPONSE"
"KCNMB2","TC03000948.hg","HALLMARK_INFLAMMATORY_RESPONSE"
"KDM6B","TC17000117.hg","HALLMARK_TNFA_SIGNALING_VIA_NFKB"
"KIF1B","TC01000127.hg","HALLMARK_INFLAMMATORY_RESPONSE"
"KLF10","TC08002455.hg","HALLMARK_TNFA_SIGNALING_VIA_NFKB"
"KLF10","TC08001500.hg","HALLMARK_TNFA_SIGNALING_VIA_NFKB"
"KLF2","TC19000321.hg","HALLMARK_TNFA_SIGNALING_VIA_NFKB"
"KLF2","ADDON002929.hg","HALLMARK_TNFA_SIGNALING_VIA_NFKB"
"KLF4","TC09001447.hg","HALLMARK_TNFA_SIGNALING_VIA_NFKB"
"KLF5","TC13000273.hg","GO_INTESTINAL_EPITHELIAL_CELL_DEVELOPMENT"
"KLF5","TC13000273.hg","GO_INTESTINAL_EPITHELIAL_CELL_DIFFERENTIATION"
"KLF6","TC10002411.hg","HALLMARK_TNFA_SIGNALING_VIA_NFKB"
"KLF6","TC10002411.hg","HALLMARK_INFLAMMATORY_RESPONSE"
"KLF6","TC10000979.hg","HALLMARK_TNFA_SIGNALING_VIA_NFKB"
"KLF6","TC10000979.hg","HALLMARK_INFLAMMATORY_RESPONSE"
"KLF9","TC09001201.hg","HALLMARK_TNFA_SIGNALING_VIA_NFKB"
"KRT18","TC12000424.hg","HALLMARK_APOPTOSIS"
"KRT31","TC17001502.hg","HALLMARK_APICAL_JUNCTION"
"KYNU","TC02000902.hg","HALLMARK_TNFA_SIGNALING_VIA_NFKB"
"LAMA3","TC18000103.hg","HALLMARK_APICAL_JUNCTION"
"LAMB3","TC01003784.hg","HALLMARK_APICAL_JUNCTION"
"LAMB3","TC01003784.hg","HALLMARK_TNFA_SIGNALING_VIA_NFKB"
"LAMC2","TC01001585.hg","HALLMARK_APICAL_JUNCTION"
"LAMP3","TC03002054.hg","HALLMARK_INFLAMMATORY_RESPONSE"
"LAYN","TC11000997.hg","HALLMARK_APICAL_JUNCTION"
"LCK","TC01000426.hg","HALLMARK_INFLAMMATORY_RESPONSE"
"LCP2","TC05002050.hg","HALLMARK_INFLAMMATORY_RESPONSE"
"LCP2","TC05003348.hg","HALLMARK_INFLAMMATORY_RESPONSE"
"LDLR","TC19000191.hg","HALLMARK_TNFA_SIGNALING_VIA_NFKB"
"LDLR","TC19000191.hg","HALLMARK_INFLAMMATORY_RESPONSE"
"LDLRAP1","TC01000323.hg","HALLMARK_APICAL_JUNCTION"
"LEF1","TC04001459.hg","HALLMARK_WNT_BETA_CATENIN_SIGNALING"
"LEF1","TC04001459.hg","HALLMARK_APOPTOSIS"
"LGALS3","TC14000323.hg","HALLMARK_APOPTOSIS"
"LGALS3","TC14001693.hg","HALLMARK_APOPTOSIS"
"LIF","TC22000647.hg","HALLMARK_INFLAMMATORY_RESPONSE"
"LIF","TC22000647.hg","HALLMARK_TNFA_SIGNALING_VIA_NFKB"
"LIMA1","TC12002874.hg","HALLMARK_APICAL_JUNCTION"
"LIMA1","TC12001492.hg","HALLMARK_APICAL_JUNCTION"
"LITAF","TC16001773.hg","HALLMARK_TNFA_SIGNALING_VIA_NFKB"
"LITAF","TC16000870.hg","HALLMARK_TNFA_SIGNALING_VIA_NFKB"
"LITAF","TC16001774.hg","HALLMARK_TNFA_SIGNALING_VIA_NFKB"
"LTA","TC6_mcf_hap5000052.hg","HALLMARK_INFLAMMATORY_RESPONSE"
"LTA","TC6_cox_hap2000066.hg","HALLMARK_INFLAMMATORY_RESPONSE"
"LTA","TC6_ssto_hap7000053.hg","HALLMARK_INFLAMMATORY_RESPONSE"
"LTA","TC6_mann_hap4000058.hg","HALLMARK_INFLAMMATORY_RESPONSE"
"LTA","TC06002713.hg","HALLMARK_INFLAMMATORY_RESPONSE"
"LTA","TC6_qbl_hap6000057.hg","HALLMARK_INFLAMMATORY_RESPONSE"
"LTA","TC6_dbb_hap3000057.hg","HALLMARK_INFLAMMATORY_RESPONSE"
"LTA","TC06000370.hg","HALLMARK_INFLAMMATORY_RESPONSE"
"LTBR","TC12000078.hg","KEGG_INTESTINAL_IMMUNE_NETWORK_FOR_IGA_PRODUCTION"
"LUM","TC12001803.hg","HALLMARK_APOPTOSIS"
"LY6E","TC08000814.hg","HALLMARK_INFLAMMATORY_RESPONSE"
"LY96","TC08000487.hg","REACTOME_ACTIVATED_TLR4_SIGNALLING"
"LYN","TC08000383.hg","HALLMARK_INFLAMMATORY_RESPONSE"
"MADCAM1","TC19000004.hg","HALLMARK_APICAL_JUNCTION"
"MADCAM1","TC19000004.hg","KEGG_INTESTINAL_IMMUNE_NETWORK_FOR_IGA_PRODUCTION"
"MADD","TC11000406.hg","HALLMARK_APOPTOSIS"
"MAFF","TC22000297.hg","HALLMARK_TNFA_SIGNALING_VIA_NFKB"
"MAML1","TC05003416.hg","HALLMARK_WNT_BETA_CATENIN_SIGNALING"
"MAML1","TC05002779.hg","HALLMARK_WNT_BETA_CATENIN_SIGNALING"
"MAP2K1","TC15000613.hg","REACTOME_ACTIVATED_TLR4_SIGNALLING"
"MAP2K2","TC19001058.hg","REACTOME_ACTIVATED_TLR4_SIGNALLING"
"MAP2K3","TC17000297.hg","HALLMARK_TNFA_SIGNALING_VIA_NFKB"
"MAP2K3","TC17000297.hg","REACTOME_ACTIVATED_TLR4_SIGNALLING"
"MAP2K3","TC17002123.hg","HALLMARK_TNFA_SIGNALING_VIA_NFKB"
"MAP2K3","TC17002123.hg","REACTOME_ACTIVATED_TLR4_SIGNALLING"
"MAP2K4","TC17002052.hg","REACTOME_ACTIVATED_TLR4_SIGNALLING"
"MAP2K4","TC17000155.hg","REACTOME_ACTIVATED_TLR4_SIGNALLING"
"MAP2K6","TC17000807.hg","REACTOME_ACTIVATED_TLR4_SIGNALLING"
"MAP2K7","TC19000140.hg","REACTOME_ACTIVATED_TLR4_SIGNALLING"
"MAP3K1","TC05000243.hg","REACTOME_ACTIVATED_TLR4_SIGNALLING"
"MAP3K14","TC17001598.hg","KEGG_INTESTINAL_IMMUNE_NETWORK_FOR_IGA_PRODUCTION"
"MAP3K7","TC06001948.hg","REACTOME_ACTIVATED_TLR4_SIGNALLING"
"MAP3K8","TC10000211.hg","HALLMARK_TNFA_SIGNALING_VIA_NFKB"
"MAP4K2","TC11001912.hg","HALLMARK_APICAL_JUNCTION"
"MAPK1","TC22000547.hg","REACTOME_ACTIVATED_TLR4_SIGNALLING"
"MAPK10","TC04002620.hg","REACTOME_ACTIVATED_TLR4_SIGNALLING"
"MAPK11","TC22000910.hg","HALLMARK_APICAL_JUNCTION"
"MAPK11","TC22000910.hg","REACTOME_ACTIVATED_TLR4_SIGNALLING"
"MAPK13","TC06000524.hg","HALLMARK_APICAL_JUNCTION"
"MAPK14","TC06000523.hg","REACTOME_ACTIVATED_TLR4_SIGNALLING"
"MAPK14","TC06000523.hg","HALLMARK_APICAL_JUNCTION"
"MAPK3","TC16001021.hg","REACTOME_ACTIVATED_TLR4_SIGNALLING"
"MAPK7","TC17000237.hg","REACTOME_ACTIVATED_TLR4_SIGNALLING"
"MAPK8","TC10000322.hg","REACTOME_ACTIVATED_TLR4_SIGNALLING"
"MAPK9","TC05002145.hg","REACTOME_ACTIVATED_TLR4_SIGNALLING"
"MAPKAPK2","TC01001727.hg","REACTOME_ACTIVATED_TLR4_SIGNALLING"
"MAPKAPK3","TC03000316.hg","REACTOME_ACTIVATED_TLR4_SIGNALLING"
"MARCKS","TC06003006.hg","HALLMARK_TNFA_SIGNALING_VIA_NFKB"
"MARCKS","TC06000909.hg","HALLMARK_TNFA_SIGNALING_VIA_NFKB"
"MARCO","TC02000749.hg","HALLMARK_INFLAMMATORY_RESPONSE"
"MCL1","TC01005816.hg","HALLMARK_APOPTOSIS"
"MCL1","TC01005816.hg","HALLMARK_TNFA_SIGNALING_VIA_NFKB"
"MCL1","TC01003205.hg","HALLMARK_APOPTOSIS"
"MCL1","TC01003205.hg","HALLMARK_TNFA_SIGNALING_VIA_NFKB"
"MDK","TC11000397.hg","HALLMARK_APICAL_JUNCTION"
"MEF2A","TC15002404.hg","REACTOME_ACTIVATED_TLR4_SIGNALLING"
"MEF2A","TC15000955.hg","REACTOME_ACTIVATED_TLR4_SIGNALLING"
"MEF2C","TC05001579.hg","REACTOME_ACTIVATED_TLR4_SIGNALLING"
"MEFV","TC16000812.hg","HALLMARK_INFLAMMATORY_RESPONSE"
"MEP1A","TC06000631.hg","HALLMARK_INFLAMMATORY_RESPONSE"
"MET","TC07000722.hg","HALLMARK_INFLAMMATORY_RESPONSE"
"MGMT","TC10000928.hg","HALLMARK_APOPTOSIS"
"MMP14","TC14000133.hg","HALLMARK_INFLAMMATORY_RESPONSE"
"MMP2","TC16000454.hg","HALLMARK_APICAL_JUNCTION"
"MMP2","TC16000454.hg","HALLMARK_APOPTOSIS"
"MMP2","TC16001568.hg","HALLMARK_APICAL_JUNCTION"
"MMP2","TC16001568.hg","HALLMARK_APOPTOSIS"
"MMP2","TC16001569.hg","HALLMARK_APICAL_JUNCTION"
"MMP2","TC16001569.hg","HALLMARK_APOPTOSIS"
"MMP9","TC20000363.hg","HALLMARK_APICAL_JUNCTION"
"MPP5","TC14000403.hg","HALLMARK_APICAL_JUNCTION"
"MPZL1","TC01001461.hg","HALLMARK_APICAL_JUNCTION"
"MPZL2","TC11002346.hg","HALLMARK_APICAL_JUNCTION"
"MSC","TC08001320.hg","HALLMARK_TNFA_SIGNALING_VIA_NFKB"
"MSN","TC0X000353.hg","HALLMARK_APICAL_JUNCTION"
"MSR1","TC08002237.hg","HALLMARK_INFLAMMATORY_RESPONSE"
"MVD","TC16001340.hg","HALLMARK_APICAL_JUNCTION"
"MXD1","TC02004970.hg","HALLMARK_TNFA_SIGNALING_VIA_NFKB"
"MXD1","TC02004970.hg","HALLMARK_INFLAMMATORY_RESPONSE"
"MYC","TC08000749.hg","HALLMARK_INFLAMMATORY_RESPONSE"
"MYC","TC08000749.hg","HALLMARK_TNFA_SIGNALING_VIA_NFKB"
"MYC","TC08000749.hg","HALLMARK_WNT_BETA_CATENIN_SIGNALING"
"MYD88","TC03000187.hg","REACTOME_ACTIVATED_TLR4_SIGNALLING"
"MYH10","TC17001118.hg","HALLMARK_APICAL_JUNCTION"
"MYH10","TC17002479.hg","HALLMARK_APICAL_JUNCTION"
"MYH9","TC22001326.hg","HALLMARK_APICAL_JUNCTION"
"MYH9","TC22000703.hg","HALLMARK_APICAL_JUNCTION"
"MYL12B","TC18000017.hg","HALLMARK_APICAL_JUNCTION"
"MYL9","TC20001202.hg","HALLMARK_APICAL_JUNCTION"
"MYL9","TC20001203.hg","HALLMARK_APICAL_JUNCTION"
"MYL9","TC20000268.hg","HALLMARK_APICAL_JUNCTION"
"NAMPT","TC10001182.hg","HALLMARK_TNFA_SIGNALING_VIA_NFKB"
"NAMPT","TC10001182.hg","HALLMARK_INFLAMMATORY_RESPONSE"
"NAMPT","TC07001738.hg","HALLMARK_TNFA_SIGNALING_VIA_NFKB"
"NAMPT","TC07001738.hg","HALLMARK_INFLAMMATORY_RESPONSE"
"NCOR2","TC12002096.hg","HALLMARK_WNT_BETA_CATENIN_SIGNALING"
"NCSTN","TC01001367.hg","HALLMARK_WNT_BETA_CATENIN_SIGNALING"
"NDP","TC0X000979.hg","HALLMARK_INFLAMMATORY_RESPONSE"
"NEDD9","ADDON001512.hg","HALLMARK_APOPTOSIS"
"NEFH","TC22000198.hg","HALLMARK_APOPTOSIS"
"NEGR1","TC01002777.hg","HALLMARK_APICAL_JUNCTION"
"NEXN","TC01000789.hg","HALLMARK_APICAL_JUNCTION"
"NF1","TC17000362.hg","HALLMARK_APICAL_JUNCTION"
"NF2","TC22001059.hg","HALLMARK_APICAL_JUNCTION"
"NF2","TC22000199.hg","HALLMARK_APICAL_JUNCTION"
"NFASC","TC01004965.hg","HALLMARK_APICAL_JUNCTION"
"NFAT5","TC16000570.hg","HALLMARK_TNFA_SIGNALING_VIA_NFKB"
"NFE2L2","TC02005045.hg","HALLMARK_TNFA_SIGNALING_VIA_NFKB"
"NFIL3","TC09001325.hg","HALLMARK_TNFA_SIGNALING_VIA_NFKB"
"NFKB1","TC04000526.hg","HALLMARK_INFLAMMATORY_RESPONSE"
"NFKB1","TC04000526.hg","HALLMARK_TNFA_SIGNALING_VIA_NFKB"
"NFKB2","TC10000753.hg","HALLMARK_TNFA_SIGNALING_VIA_NFKB"
"NFKB2","TC10000753.hg","REACTOME_ACTIVATED_TLR4_SIGNALLING"
"NFKBIA","TC14001036.hg","HALLMARK_TNFA_SIGNALING_VIA_NFKB"
"NFKBIA","TC14001036.hg","HALLMARK_INFLAMMATORY_RESPONSE"
"NFKBIA","TC14001036.hg","REACTOME_ACTIVATED_TLR4_SIGNALLING"
"NFKBIB","TC19000534.hg","REACTOME_ACTIVATED_TLR4_SIGNALLING"
"NFKBIB","TC19002129.hg","REACTOME_ACTIVATED_TLR4_SIGNALLING"
"NFKBIE","TC06001762.hg","HALLMARK_TNFA_SIGNALING_VIA_NFKB"
"NINJ1","TC09001345.hg","HALLMARK_TNFA_SIGNALING_VIA_NFKB"
"NKD1","TC16001546.hg","HALLMARK_WNT_BETA_CATENIN_SIGNALING"
"NKD1","TC16000440.hg","HALLMARK_WNT_BETA_CATENIN_SIGNALING"
"NKX3-2","TC04001045.hg","GO_INTESTINAL_EPITHELIAL_CELL_DEVELOPMENT"
"NKX3-2","TC04001045.hg","GO_INTESTINAL_EPITHELIAL_CELL_DIFFERENTIATION"
"NLGN2","TC17000093.hg","HALLMARK_APICAL_JUNCTION"
"NLGN2","TC17002033.hg","HALLMARK_APICAL_JUNCTION"
"NLGN3","TC0X000383.hg","HALLMARK_APICAL_JUNCTION"
"NLRP3","TC01002008.hg","HALLMARK_INFLAMMATORY_RESPONSE"
"NMI","TC02002425.hg","HALLMARK_INFLAMMATORY_RESPONSE"
"NMUR1","TC02002865.hg","HALLMARK_INFLAMMATORY_RESPONSE"
"NOD1","TC07001249.hg","REACTOME_ACTIVATED_TLR4_SIGNALLING"
"NOD2","TC16000442.hg","REACTOME_ACTIVATED_TLR4_SIGNALLING"
"NOD2","TC16000442.hg","HALLMARK_INFLAMMATORY_RESPONSE"
"NOD2","TC16001548.hg","REACTOME_ACTIVATED_TLR4_SIGNALLING"
"NOD2","TC16001548.hg","HALLMARK_INFLAMMATORY_RESPONSE"
"NOD2","TC16001549.hg","REACTOME_ACTIVATED_TLR4_SIGNALLING"
"NOD2","TC16001549.hg","HALLMARK_INFLAMMATORY_RESPONSE"
"NOTCH1","TC09001734.hg","HALLMARK_WNT_BETA_CATENIN_SIGNALING"
"NOTCH4","TC6_ssto_hap7000159.hg","HALLMARK_WNT_BETA_CATENIN_SIGNALING"
"NOTCH4","TC6_qbl_hap6000179.hg","HALLMARK_WNT_BETA_CATENIN_SIGNALING"
"NOTCH4","TC6_mcf_hap5000165.hg","HALLMARK_WNT_BETA_CATENIN_SIGNALING"
"NOTCH4","TC06001564.hg","HALLMARK_WNT_BETA_CATENIN_SIGNALING"
"NOTCH4","TC6_cox_hap2000190.hg","HALLMARK_WNT_BETA_CATENIN_SIGNALING"
"NOTCH4","TC6_apd_hap1000098.hg","HALLMARK_WNT_BETA_CATENIN_SIGNALING"
"NOTCH4","TC6_mann_hap4000155.hg","HALLMARK_WNT_BETA_CATENIN_SIGNALING"
"NPFFR2","TC04000397.hg","HALLMARK_INFLAMMATORY_RESPONSE"
"NR4A1","TC12002363.hg","HALLMARK_TNFA_SIGNALING_VIA_NFKB"
"NR4A1","TC12000414.hg","HALLMARK_TNFA_SIGNALING_VIA_NFKB"
"NR4A2","TC02002445.hg","HALLMARK_TNFA_SIGNALING_VIA_NFKB"
"NR4A3","TC09000508.hg","HALLMARK_TNFA_SIGNALING_VIA_NFKB"
"NRAP","TC10001670.hg","HALLMARK_APICAL_JUNCTION"
"NRTN","TC19000106.hg","HALLMARK_APICAL_JUNCTION"
"NRXN2","TC11001908.hg","HALLMARK_APICAL_JUNCTION"
"NUMB","TC14001288.hg","HALLMARK_WNT_BETA_CATENIN_SIGNALING"
"OLR1","TC12001216.hg","HALLMARK_INFLAMMATORY_RESPONSE"
"OLR1","TC12001216.hg","HALLMARK_TNFA_SIGNALING_VIA_NFKB"
"OPRK1","TC08002324.hg","HALLMARK_INFLAMMATORY_RESPONSE"
"OPRK1","TC08001212.hg","HALLMARK_INFLAMMATORY_RESPONSE"
"OSM","TC22000648.hg","HALLMARK_INFLAMMATORY_RESPONSE"
"OSMR","TC05000179.hg","HALLMARK_INFLAMMATORY_RESPONSE"
"P2RX4","TC12000956.hg","HALLMARK_INFLAMMATORY_RESPONSE"
"P2RX4","TC12002619.hg","HALLMARK_INFLAMMATORY_RESPONSE"
"P2RX7","TC12000955.hg","HALLMARK_INFLAMMATORY_RESPONSE"
"P2RX7","TC12002617.hg","HALLMARK_INFLAMMATORY_RESPONSE"
"P2RY2","TC11000772.hg","HALLMARK_INFLAMMATORY_RESPONSE"
"PAK1","TC11002123.hg","HALLMARK_APOPTOSIS"
"PAK1","TC11003261.hg","HALLMARK_APOPTOSIS"
"PANX1","TC11000916.hg","HALLMARK_TNFA_SIGNALING_VIA_NFKB"
"PARD6G","TC18000593.hg","HALLMARK_APICAL_JUNCTION"
"PARVA","TC11000201.hg","HALLMARK_APICAL_JUNCTION"
"PBX2","TC6_mann_hap4000153.hg","HALLMARK_APICAL_JUNCTION"
"PBX2","TC6_apd_hap1000096.hg","HALLMARK_APICAL_JUNCTION"
"PBX2","TC6_qbl_hap6000177.hg","HALLMARK_APICAL_JUNCTION"
"PBX2","TC6_mcf_hap5000163.hg","HALLMARK_APICAL_JUNCTION"
"PBX2","TC6_ssto_hap7000157.hg","HALLMARK_APICAL_JUNCTION"
"PBX2","TC06004050.hg","HALLMARK_APICAL_JUNCTION"
"PBX2","TC6_cox_hap2000188.hg","HALLMARK_APICAL_JUNCTION"
"PCDH7","TC04000196.hg","HALLMARK_INFLAMMATORY_RESPONSE"
"PDCD4","TC10000808.hg","HALLMARK_APOPTOSIS"
"PDE4B","TC01000733.hg","HALLMARK_TNFA_SIGNALING_VIA_NFKB"
"PDE4B","TC01000733.hg","HALLMARK_INFLAMMATORY_RESPONSE"
"PDGFRB","TC05001933.hg","HALLMARK_APOPTOSIS"
"PDGFRB","TC05003303.hg","HALLMARK_APOPTOSIS"
"PDLIM5","TC04002109.hg","HALLMARK_TNFA_SIGNALING_VIA_NFKB"
"PDPN","TC01000181.hg","HALLMARK_INFLAMMATORY_RESPONSE"
"PDZD3","TC11001088.hg","HALLMARK_APICAL_JUNCTION"
"PDZD3","TC11002904.hg","HALLMARK_APICAL_JUNCTION"
"PEA15","TC01001364.hg","HALLMARK_APOPTOSIS"
"PECAM1","TC17002747.hg","HALLMARK_APICAL_JUNCTION"
"PECAM1","TC17001798.hg","HALLMARK_APICAL_JUNCTION"
"PELI1","TC02001911.hg","REACTOME_ACTIVATED_TLR4_SIGNALLING"
"PELI2","TC14000332.hg","REACTOME_ACTIVATED_TLR4_SIGNALLING"
"PELI3","TC11000669.hg","REACTOME_ACTIVATED_TLR4_SIGNALLING"
"PFKFB3","TC10001860.hg","HALLMARK_TNFA_SIGNALING_VIA_NFKB"
"PFKFB3","TC10000053.hg","HALLMARK_TNFA_SIGNALING_VIA_NFKB"
"PFN1","TC17001036.hg","HALLMARK_APICAL_JUNCTION"
"PHLDA1","TC12001751.hg","HALLMARK_TNFA_SIGNALING_VIA_NFKB"
"PHLDA2","TC11001286.hg","HALLMARK_TNFA_SIGNALING_VIA_NFKB"
"PIGR","TC01003768.hg","KEGG_INTESTINAL_IMMUNE_NETWORK_FOR_IGA_PRODUCTION"
"PIK3CB","TC03001824.hg","HALLMARK_APICAL_JUNCTION"
"PIK3R3","TC01002616.hg","HALLMARK_APICAL_JUNCTION"
"PIK3R5","TC17001124.hg","HALLMARK_INFLAMMATORY_RESPONSE"
"PKD1","TC16000184.hg","HALLMARK_APICAL_JUNCTION"
"PKD1","TC16001785.hg","HALLMARK_APICAL_JUNCTION"
"PKD1","TC16001791.hg","HALLMARK_APICAL_JUNCTION"
"PKD1","TC16000773.hg","HALLMARK_APICAL_JUNCTION"
"PKD1","TC16001423.hg","HALLMARK_APICAL_JUNCTION"
"PKD1","TC16000907.hg","HALLMARK_APICAL_JUNCTION"
"PLAT","TC08001175.hg","HALLMARK_APOPTOSIS"
"PLAT","TC08002306.hg","HALLMARK_APOPTOSIS"
"PLAU","TC10000475.hg","HALLMARK_TNFA_SIGNALING_VIA_NFKB"
"PLAUR","TC19001593.hg","HALLMARK_INFLAMMATORY_RESPONSE"
"PLAUR","TC19001593.hg","HALLMARK_TNFA_SIGNALING_VIA_NFKB"
"PLCB2","TC15001233.hg","HALLMARK_APOPTOSIS"
"PLCG1","TC20000303.hg","HALLMARK_APICAL_JUNCTION"
"PLEK","TC02000398.hg","HALLMARK_TNFA_SIGNALING_VIA_NFKB"
"PLK2","TC05001385.hg","HALLMARK_TNFA_SIGNALING_VIA_NFKB"
"PMAIP1","TC18000741.hg","HALLMARK_APOPTOSIS"
"PMAIP1","TC18000213.hg","HALLMARK_APOPTOSIS"
"PMEPA1","TC20000980.hg","HALLMARK_TNFA_SIGNALING_VIA_NFKB"
"PMEPA1","TC20001671.hg","HALLMARK_TNFA_SIGNALING_VIA_NFKB"
"PNRC1","TC06000795.hg","HALLMARK_TNFA_SIGNALING_VIA_NFKB"
"PPARD","TC06000514.hg","HALLMARK_WNT_BETA_CATENIN_SIGNALING"
"PPARD","TC06002752.hg","HALLMARK_WNT_BETA_CATENIN_SIGNALING"
"PPP1R15A","TC19000711.hg","HALLMARK_TNFA_SIGNALING_VIA_NFKB"
"PPP2CA","TC05003406.hg","REACTOME_ACTIVATED_TLR4_SIGNALLING"
"PPP2CB","TC08001111.hg","REACTOME_ACTIVATED_TLR4_SIGNALLING"
"PPP2R1A","TC19000792.hg","REACTOME_ACTIVATED_TLR4_SIGNALLING"
"PPP2R1A","TC19002217.hg","REACTOME_ACTIVATED_TLR4_SIGNALLING"
"PPP2R1B","TC11002284.hg","REACTOME_ACTIVATED_TLR4_SIGNALLING"
"PPP2R2C","TC04001001.hg","HALLMARK_APICAL_JUNCTION"
"PPP2R5B","TC11000611.hg","HALLMARK_APOPTOSIS"
"PPP2R5D","TC06000591.hg","REACTOME_ACTIVATED_TLR4_SIGNALLING"
"PPP3R1","TC02005028.hg","HALLMARK_APOPTOSIS"
"PPT1","TC01002553.hg","HALLMARK_APOPTOSIS"
"PRDM1","TC06000844.hg","GO_INTESTINAL_EPITHELIAL_CELL_DEVELOPMENT"
"PRDM1","TC06000844.hg","GO_INTESTINAL_EPITHELIAL_CELL_DIFFERENTIATION"
"PRF1","TC10001366.hg","HALLMARK_APOPTOSIS"
"PROK2","TC03001550.hg","HALLMARK_INFLAMMATORY_RESPONSE"
"PSEN1","TC14001762.hg","HALLMARK_INFLAMMATORY_RESPONSE"
"PSEN1","TC14001762.hg","HALLMARK_APOPTOSIS"
"PSEN1","TC14000439.hg","HALLMARK_INFLAMMATORY_RESPONSE"
"PSEN1","TC14000439.hg","HALLMARK_APOPTOSIS"
"PSEN2","TC01001865.hg","HALLMARK_WNT_BETA_CATENIN_SIGNALING"
"PSEN2","TC01001865.hg","HALLMARK_APOPTOSIS"
"PTAFR","TC01005362.hg","HALLMARK_INFLAMMATORY_RESPONSE"
"PTAFR","TC01002421.hg","HALLMARK_INFLAMMATORY_RESPONSE"
"PTCH1","TC09002677.hg","HALLMARK_WNT_BETA_CATENIN_SIGNALING"
"PTCH1","TC09002678.hg","HALLMARK_WNT_BETA_CATENIN_SIGNALING"
"PTCH1","TC09001366.hg","HALLMARK_WNT_BETA_CATENIN_SIGNALING"
"PTEN","TC10000623.hg","HALLMARK_APICAL_JUNCTION"
"PTGER2","TC14000306.hg","HALLMARK_INFLAMMATORY_RESPONSE"
"PTGER4","TC05000184.hg","HALLMARK_INFLAMMATORY_RESPONSE"
"PTGER4","TC05000184.hg","HALLMARK_TNFA_SIGNALING_VIA_NFKB"
"PTGIR","TC19001650.hg","HALLMARK_INFLAMMATORY_RESPONSE"
"PTGS2","TC01003638.hg","HALLMARK_TNFA_SIGNALING_VIA_NFKB"
"PTK6","TC20001033.hg","GO_INTESTINAL_EPITHELIAL_CELL_DIFFERENTIATION"
"PTPRC","TC01001640.hg","HALLMARK_APICAL_JUNCTION"
"PTPRE","TC10002355.hg","HALLMARK_TNFA_SIGNALING_VIA_NFKB"
"PTPRE","TC10002355.hg","HALLMARK_INFLAMMATORY_RESPONSE"
"PTPRE","TC10000922.hg","HALLMARK_TNFA_SIGNALING_VIA_NFKB"
"PTPRE","TC10000922.hg","HALLMARK_INFLAMMATORY_RESPONSE"
"PTX3","TC03000862.hg","HALLMARK_TNFA_SIGNALING_VIA_NFKB"
"PVR","TC19000624.hg","HALLMARK_INFLAMMATORY_RESPONSE"
"RAC2","TC22000725.hg","HALLMARK_APICAL_JUNCTION"
"RAF1","TC03001174.hg","HALLMARK_INFLAMMATORY_RESPONSE"
"RARA","TC17000496.hg","HALLMARK_APOPTOSIS"
"RASA1","TC05000431.hg","HALLMARK_APICAL_JUNCTION"
"RASA1","TC05002492.hg","HALLMARK_APICAL_JUNCTION"
"RASGRP1","TC15001217.hg","HALLMARK_INFLAMMATORY_RESPONSE"
"RBPJ","TC04001945.hg","HALLMARK_WNT_BETA_CATENIN_SIGNALING"
"RBPJ","TC04001946.hg","HALLMARK_WNT_BETA_CATENIN_SIGNALING"
"REL","TC02000348.hg","HALLMARK_TNFA_SIGNALING_VIA_NFKB"
"RELA","TC11001939.hg","HALLMARK_APOPTOSIS"
"RELA","TC11001939.hg","REACTOME_ACTIVATED_TLR4_SIGNALLING"
"RELA","TC11001939.hg","HALLMARK_INFLAMMATORY_RESPONSE"
"RELA","TC11001939.hg","HALLMARK_TNFA_SIGNALING_VIA_NFKB"
"RELA","TC11003207.hg","HALLMARK_APOPTOSIS"
"RELA","TC11003207.hg","REACTOME_ACTIVATED_TLR4_SIGNALLING"
"RELA","TC11003207.hg","HALLMARK_INFLAMMATORY_RESPONSE"
"RELA","TC11003207.hg","HALLMARK_TNFA_SIGNALING_VIA_NFKB"
"RELA","TC11003206.hg","HALLMARK_APOPTOSIS"
"RELA","TC11003206.hg","REACTOME_ACTIVATED_TLR4_SIGNALLING"
"RELA","TC11003206.hg","HALLMARK_INFLAMMATORY_RESPONSE"
"RELA","TC11003206.hg","HALLMARK_TNFA_SIGNALING_VIA_NFKB"
"RELB","TC19000638.hg","HALLMARK_TNFA_SIGNALING_VIA_NFKB"
"RETSAT","TC02002037.hg","HALLMARK_APOPTOSIS"
"RGS1","TC01001622.hg","HALLMARK_INFLAMMATORY_RESPONSE"
"RGS16","TC01003608.hg","HALLMARK_INFLAMMATORY_RESPONSE"
"RHOB","TC02000116.hg","HALLMARK_TNFA_SIGNALING_VIA_NFKB"
"RHOB","TC02000116.hg","HALLMARK_APOPTOSIS"
"RHOF","18671077","HALLMARK_APICAL_JUNCTION"
"RHOF","18671080","HALLMARK_APICAL_JUNCTION"
"RHOF","18671078","HALLMARK_APICAL_JUNCTION"
"RHOF","TC12003284.hg","HALLMARK_APICAL_JUNCTION"
"RHOF","18671081","HALLMARK_APICAL_JUNCTION"
"RHOF","18671079","HALLMARK_APICAL_JUNCTION"
"RHOG","TC11001304.hg","HALLMARK_INFLAMMATORY_RESPONSE"
"RHOT2","TC16000024.hg","HALLMARK_APOPTOSIS"
"RIPK1","TC06000023.hg","REACTOME_ACTIVATED_TLR4_SIGNALLING"
"RIPK1","TC06002463.hg","REACTOME_ACTIVATED_TLR4_SIGNALLING"
"RIPK2","TC08002008.hg","HALLMARK_INFLAMMATORY_RESPONSE"
"RIPK2","TC08002008.hg","REACTOME_ACTIVATED_TLR4_SIGNALLING"
"RIPK2","TC08002008.hg","HALLMARK_TNFA_SIGNALING_VIA_NFKB"
"RIPK2","TC08000545.hg","HALLMARK_INFLAMMATORY_RESPONSE"
"RIPK2","TC08000545.hg","REACTOME_ACTIVATED_TLR4_SIGNALLING"
"RIPK2","TC08000545.hg","HALLMARK_TNFA_SIGNALING_VIA_NFKB"
"RNASEL","TC01003607.hg","HALLMARK_APOPTOSIS"
"RNF144B","TC06000120.hg","HALLMARK_INFLAMMATORY_RESPONSE"
"RNF19B","TC01002478.hg","HALLMARK_TNFA_SIGNALING_VIA_NFKB"
"ROCK1","TC18000859.hg","HALLMARK_APOPTOSIS"
"ROCK1","TC18000595.hg","HALLMARK_APOPTOSIS"
"ROCK1","TC18000397.hg","HALLMARK_APOPTOSIS"
"ROCK1","TC18000002.hg","HALLMARK_APOPTOSIS"
"ROS1","TC06004055.hg","HALLMARK_INFLAMMATORY_RESPONSE"
"RPS27A","18670241","REACTOME_ACTIVATED_TLR4_SIGNALLING"
"RPS27A","18670232","REACTOME_ACTIVATED_TLR4_SIGNALLING"
"RPS27A","TC01004921.hg","REACTOME_ACTIVATED_TLR4_SIGNALLING"
"RPS27A","18670243","REACTOME_ACTIVATED_TLR4_SIGNALLING"
"RPS27A","18670237","REACTOME_ACTIVATED_TLR4_SIGNALLING"
"RPS27A","18670234","REACTOME_ACTIVATED_TLR4_SIGNALLING"
"RPS27A","18670233","REACTOME_ACTIVATED_TLR4_SIGNALLING"
"RPS27A","TC02000321.hg","REACTOME_ACTIVATED_TLR4_SIGNALLING"
"RPS27A","18670244","REACTOME_ACTIVATED_TLR4_SIGNALLING"
"RPS27A","18670242","REACTOME_ACTIVATED_TLR4_SIGNALLING"
"RPS27A","18670235","REACTOME_ACTIVATED_TLR4_SIGNALLING"
"RPS27A","18670240","REACTOME_ACTIVATED_TLR4_SIGNALLING"
"RPS27A","18670239","REACTOME_ACTIVATED_TLR4_SIGNALLING"
"RPS6KA1","TC01000347.hg","REACTOME_ACTIVATED_TLR4_SIGNALLING"
"RPS6KA1","TC01000348.hg","REACTOME_ACTIVATED_TLR4_SIGNALLING"
"RPS6KA2","TC06002310.hg","REACTOME_ACTIVATED_TLR4_SIGNALLING"
"RPS6KA2","TC06004057.hg","REACTOME_ACTIVATED_TLR4_SIGNALLING"
"RPS6KA3","TC0X000911.hg","REACTOME_ACTIVATED_TLR4_SIGNALLING"
"RPS6KA5","ADDON000244.hg","REACTOME_ACTIVATED_TLR4_SIGNALLING"
"RPS6KA5","ADDON001867.hg","REACTOME_ACTIVATED_TLR4_SIGNALLING"
"RPS6KA5","TC14001434.hg","REACTOME_ACTIVATED_TLR4_SIGNALLING"
"RRAS","TC19002544.hg","HALLMARK_APICAL_JUNCTION"
"RRAS","TC19001721.hg","HALLMARK_APICAL_JUNCTION"
"RSU1","TC10001069.hg","HALLMARK_APICAL_JUNCTION"
"RTP4","ADDON002658.hg","HALLMARK_INFLAMMATORY_RESPONSE"
"RTP4","TC03001031.hg","HALLMARK_INFLAMMATORY_RESPONSE"
"S100A12","TC01003260.hg","REACTOME_ACTIVATED_TLR4_SIGNALLING"
"S100B","TC21000559.hg","REACTOME_ACTIVATED_TLR4_SIGNALLING"
"SAA1","TC11002587.hg","REACTOME_ACTIVATED_TLR4_SIGNALLING"
"SAA1","TC11000238.hg","REACTOME_ACTIVATED_TLR4_SIGNALLING"
"SAT1","TC0X001624.hg","HALLMARK_TNFA_SIGNALING_VIA_NFKB"
"SAT1","TC0X001624.hg","HALLMARK_APOPTOSIS"
"SATB1","TC03003338.hg","HALLMARK_APOPTOSIS"
"SAV1","TC14001122.hg","GO_INTESTINAL_EPITHELIAL_CELL_DIFFERENTIATION"
"SCARF1","TC17000979.hg","HALLMARK_INFLAMMATORY_RESPONSE"
"SCARF1","TC17002436.hg","HALLMARK_INFLAMMATORY_RESPONSE"
"SCN1B","TC19000455.hg","HALLMARK_INFLAMMATORY_RESPONSE"
"SDC3","TC01002444.hg","HALLMARK_APICAL_JUNCTION"
"SDC4","TC20000878.hg","HALLMARK_TNFA_SIGNALING_VIA_NFKB"
"SELE","TC01003501.hg","HALLMARK_INFLAMMATORY_RESPONSE"
"SELL","TC01005928.hg","HALLMARK_INFLAMMATORY_RESPONSE"
"SELL","TC01003500.hg","HALLMARK_INFLAMMATORY_RESPONSE"
"SEMA4D","TC09001313.hg","HALLMARK_INFLAMMATORY_RESPONSE"
"SERPINB8","TC18001001.hg","HALLMARK_TNFA_SIGNALING_VIA_NFKB"
"SERPINB8","TC18000751.hg","HALLMARK_TNFA_SIGNALING_VIA_NFKB"
"SERPINE1","TC07002499.hg","HALLMARK_TNFA_SIGNALING_VIA_NFKB"
"SERPINE1","TC07002499.hg","HALLMARK_INFLAMMATORY_RESPONSE"
"SERPINE1","TC07000643.hg","HALLMARK_TNFA_SIGNALING_VIA_NFKB"
"SERPINE1","TC07000643.hg","HALLMARK_INFLAMMATORY_RESPONSE"
"SGCE","TC07001614.hg","HALLMARK_APICAL_JUNCTION"
"SGK1","TC06002126.hg","HALLMARK_TNFA_SIGNALING_VIA_NFKB"
"SGMS2","TC04000553.hg","HALLMARK_INFLAMMATORY_RESPONSE"
"SHC1","TC01006381.hg","HALLMARK_APICAL_JUNCTION"
"SHROOM2","TC0X000034.hg","HALLMARK_APICAL_JUNCTION"
"SIGIRR","TC11001231.hg","REACTOME_ACTIVATED_TLR4_SIGNALLING"
"SIGIRR","TC11002980.hg","REACTOME_ACTIVATED_TLR4_SIGNALLING"
"SIK1","TC21000506.hg","HALLMARK_TNFA_SIGNALING_VIA_NFKB"
"SIRPA","TC20000019.hg","HALLMARK_APICAL_JUNCTION"
"SKAP2","TC07001217.hg","HALLMARK_APICAL_JUNCTION"
"SKP2","TC05000161.hg","HALLMARK_WNT_BETA_CATENIN_SIGNALING"
"SLAMF1","TC01003406.hg","HALLMARK_INFLAMMATORY_RESPONSE"
"SLC11A2","TC12002877.hg","HALLMARK_INFLAMMATORY_RESPONSE"
"SLC11A2","TC12001499.hg","HALLMARK_INFLAMMATORY_RESPONSE"
"SLC16A6","TC17001820.hg","HALLMARK_TNFA_SIGNALING_VIA_NFKB"
"SLC16A6","TC17000780.hg","HALLMARK_TNFA_SIGNALING_VIA_NFKB"
"SLC1A2","TC11001551.hg","HALLMARK_INFLAMMATORY_RESPONSE"
"SLC20A1","TC02000711.hg","HALLMARK_APOPTOSIS"
"SLC28A2","TC15000354.hg","HALLMARK_INFLAMMATORY_RESPONSE"
"SLC2A3","TC12002734.hg","HALLMARK_TNFA_SIGNALING_VIA_NFKB"
"SLC2A3","TC12001170.hg","HALLMARK_TNFA_SIGNALING_VIA_NFKB"
"SLC2A6","TC09001691.hg","HALLMARK_TNFA_SIGNALING_VIA_NFKB"
"SLC31A1","TC09000572.hg","HALLMARK_INFLAMMATORY_RESPONSE"
"SLC31A2","TC09000571.hg","HALLMARK_INFLAMMATORY_RESPONSE"
"SLC31A2","TC09002189.hg","HALLMARK_INFLAMMATORY_RESPONSE"
"SLC4A4","TC04000396.hg","HALLMARK_INFLAMMATORY_RESPONSE"
"SLC7A1","TC13000523.hg","HALLMARK_INFLAMMATORY_RESPONSE"
"SLC7A2","TC08001816.hg","HALLMARK_INFLAMMATORY_RESPONSE"
"SLC7A2","TC08000127.hg","HALLMARK_INFLAMMATORY_RESPONSE"
"SLIT2","TC04000158.hg","HALLMARK_APICAL_JUNCTION"
"SMAD3","TC15002251.hg","HALLMARK_TNFA_SIGNALING_VIA_NFKB"
"SMAD3","TC15000622.hg","HALLMARK_TNFA_SIGNALING_VIA_NFKB"
"SMAD7","TC18000500.hg","HALLMARK_APOPTOSIS"
"SNN","TC16000165.hg","HALLMARK_TNFA_SIGNALING_VIA_NFKB"
"SOCS3","TC17001917.hg","HALLMARK_TNFA_SIGNALING_VIA_NFKB"
"SOD1","TC21000111.hg","HALLMARK_APOPTOSIS"
"SOD2","TC06004141.hg","HALLMARK_TNFA_SIGNALING_VIA_NFKB"
"SOD2","TC06004141.hg","HALLMARK_APOPTOSIS"
"SOD2","TC06003966.hg","HALLMARK_TNFA_SIGNALING_VIA_NFKB"
"SOD2","TC06003966.hg","HALLMARK_APOPTOSIS"
"SOD2","TC06004142.hg","HALLMARK_TNFA_SIGNALING_VIA_NFKB"
"SOD2","TC06004142.hg","HALLMARK_APOPTOSIS"
"SORBS3","TC08000173.hg","HALLMARK_APICAL_JUNCTION"
"SPDEF","TC06001658.hg","GO_INTESTINAL_EPITHELIAL_CELL_DIFFERENTIATION"
"SPDEF","TC06001658.hg","GO_INTESTINAL_EPITHELIAL_CELL_DEVELOPMENT"
"SPEG","TC02001328.hg","HALLMARK_APICAL_JUNCTION"
"SPHK1","TC17000872.hg","HALLMARK_INFLAMMATORY_RESPONSE"
"SPHK1","TC17000872.hg","HALLMARK_TNFA_SIGNALING_VIA_NFKB"
"SPSB1","TC01000115.hg","HALLMARK_TNFA_SIGNALING_VIA_NFKB"
"SPTAN1","TC09000695.hg","HALLMARK_APOPTOSIS"
"SRC","TC20000273.hg","HALLMARK_APICAL_JUNCTION"
"SRC","TC20001205.hg","HALLMARK_APICAL_JUNCTION"
"SRI","TC07001581.hg","HALLMARK_INFLAMMATORY_RESPONSE"
"STAB1","TC03002348.hg","HALLMARK_INFLAMMATORY_RESPONSE"
"STAB1","TC03000336.hg","HALLMARK_INFLAMMATORY_RESPONSE"
"STAT5A","TC17000523.hg","HALLMARK_TNFA_SIGNALING_VIA_NFKB"
"SYK","TC09000428.hg","HALLMARK_APICAL_JUNCTION"
"SYMPK","TC19001635.hg","HALLMARK_APICAL_JUNCTION"
"TAB1","TC22001112.hg","REACTOME_ACTIVATED_TLR4_SIGNALLING"
"TAB3","TC0X000941.hg","REACTOME_ACTIVATED_TLR4_SIGNALLING"
"TACR1","TC02002005.hg","HALLMARK_INFLAMMATORY_RESPONSE"
"TACR3","TC04001439.hg","HALLMARK_INFLAMMATORY_RESPONSE"
"TACR3","TC04002656.hg","HALLMARK_INFLAMMATORY_RESPONSE"
"TAOK2","TC16000335.hg","HALLMARK_APICAL_JUNCTION"
"TAP1","TC06001574.hg","HALLMARK_TNFA_SIGNALING_VIA_NFKB"
"TAP1","TC06001574.hg","HALLMARK_APOPTOSIS"
"TAP1","TC6_qbl_hap6000187.hg","HALLMARK_TNFA_SIGNALING_VIA_NFKB"
"TAP1","TC6_qbl_hap6000187.hg","HALLMARK_APOPTOSIS"
"TAP1","TC6_mcf_hap5000174.hg","HALLMARK_TNFA_SIGNALING_VIA_NFKB"
"TAP1","TC6_mcf_hap5000174.hg","HALLMARK_APOPTOSIS"
"TAP1","TC6_cox_hap2000199.hg","HALLMARK_TNFA_SIGNALING_VIA_NFKB"
"TAP1","TC6_cox_hap2000199.hg","HALLMARK_APOPTOSIS"
"TAP1","TC6_mann_hap4000167.hg","HALLMARK_TNFA_SIGNALING_VIA_NFKB"
"TAP1","TC6_mann_hap4000167.hg","HALLMARK_APOPTOSIS"
"TAP1","TC6_dbb_hap3000185.hg","HALLMARK_TNFA_SIGNALING_VIA_NFKB"
"TAP1","TC6_dbb_hap3000185.hg","HALLMARK_APOPTOSIS"
"TAP1","TC6_ssto_hap7000169.hg","HALLMARK_TNFA_SIGNALING_VIA_NFKB"
"TAP1","TC6_ssto_hap7000169.hg","HALLMARK_APOPTOSIS"
"TAP1","TC6_apd_hap1000105.hg","HALLMARK_TNFA_SIGNALING_VIA_NFKB"
"TAP1","TC6_apd_hap1000105.hg","HALLMARK_APOPTOSIS"
"TAPBP","TC6_mcf_hap5000183.hg","HALLMARK_INFLAMMATORY_RESPONSE"
"TAPBP","TC6_dbb_hap3000194.hg","HALLMARK_INFLAMMATORY_RESPONSE"
"TAPBP","TC6_qbl_hap6000196.hg","HALLMARK_INFLAMMATORY_RESPONSE"
"TAPBP","TC6_cox_hap2000208.hg","HALLMARK_INFLAMMATORY_RESPONSE"
"TAPBP","TC06001584.hg","HALLMARK_INFLAMMATORY_RESPONSE"
"TBK1","TC12000570.hg","REACTOME_ACTIVATED_TLR4_SIGNALLING"
"TCF7","TC05002628.hg","HALLMARK_WNT_BETA_CATENIN_SIGNALING"
"TGFB2","TC01001805.hg","HALLMARK_APOPTOSIS"
"TGFBI","TC05000682.hg","HALLMARK_APICAL_JUNCTION"
"TGFBR3","TC01002864.hg","HALLMARK_APOPTOSIS"
"TGFBR3","TC01005631.hg","HALLMARK_APOPTOSIS"
"THBS3","TC01003305.hg","HALLMARK_APICAL_JUNCTION"
"THY1","TC11002371.hg","HALLMARK_APICAL_JUNCTION"
"THY1","TC11003382.hg","HALLMARK_APICAL_JUNCTION"
"TIAL1","TC10001705.hg","HALLMARK_APICAL_JUNCTION"
"TICAM1","TC19001071.hg","REACTOME_ACTIVATED_TLR4_SIGNALLING"
"TIMP1","TC0X000238.hg","HALLMARK_INFLAMMATORY_RESPONSE"
"TIMP1","TC0X000238.hg","HALLMARK_APOPTOSIS"
"TIMP2","TC17002807.hg","HALLMARK_APOPTOSIS"
"TIMP3","TC22000248.hg","HALLMARK_APOPTOSIS"
"TIRAP","TC11001172.hg","REACTOME_ACTIVATED_TLR4_SIGNALLING"
"TJP1","TC15001110.hg","HALLMARK_APICAL_JUNCTION"
"TJP1","TC15002459.hg","HALLMARK_APICAL_JUNCTION"
"TLR2","TC04002279.hg","HALLMARK_TNFA_SIGNALING_VIA_NFKB"
"TLR2","TC04002279.hg","HALLMARK_INFLAMMATORY_RESPONSE"
"TLR2","TC04002279.hg","REACTOME_ACTIVATED_TLR4_SIGNALLING"
"TLR2","TC04000775.hg","HALLMARK_TNFA_SIGNALING_VIA_NFKB"
"TLR2","TC04000775.hg","HALLMARK_INFLAMMATORY_RESPONSE"
"TLR2","TC04000775.hg","REACTOME_ACTIVATED_TLR4_SIGNALLING"
"TLR3","TC04002368.hg","REACTOME_ACTIVATED_TLR4_SIGNALLING"
"TLR3","TC04002368.hg","HALLMARK_INFLAMMATORY_RESPONSE"
"TLR3","TC04000912.hg","REACTOME_ACTIVATED_TLR4_SIGNALLING"
"TLR3","TC04000912.hg","HALLMARK_INFLAMMATORY_RESPONSE"
"TLR4","TC09000601.hg","REACTOME_ACTIVATED_TLR4_SIGNALLING"
"TLR4","TC09002219.hg","REACTOME_ACTIVATED_TLR4_SIGNALLING"
"TLR6","TC04002917.hg","REACTOME_ACTIVATED_TLR4_SIGNALLING"
"TMEM189-UBE2V1","TC20001629.hg","REACTOME_ACTIVATED_TLR4_SIGNALLING"
"TMEM8B","TC09000196.hg","HALLMARK_APICAL_JUNCTION"
"TMEM8B","TC09000197.hg","HALLMARK_APICAL_JUNCTION"
"TMEM8B","TC09001896.hg","HALLMARK_APICAL_JUNCTION"
"TNC","TC09001517.hg","HALLMARK_TNFA_SIGNALING_VIA_NFKB"
"TNC","TC09002760.hg","HALLMARK_TNFA_SIGNALING_VIA_NFKB"
"TNF","TC6_ssto_hap7000054.hg","HALLMARK_TNFA_SIGNALING_VIA_NFKB"
"TNF","TC6_ssto_hap7000054.hg","HALLMARK_APOPTOSIS"
"TNF","TC06002714.hg","HALLMARK_TNFA_SIGNALING_VIA_NFKB"
"TNF","TC06002714.hg","HALLMARK_APOPTOSIS"
"TNF","TC6_qbl_hap6000058.hg","HALLMARK_TNFA_SIGNALING_VIA_NFKB"
"TNF","TC6_qbl_hap6000058.hg","HALLMARK_APOPTOSIS"
"TNF","TC6_cox_hap2000067.hg","HALLMARK_TNFA_SIGNALING_VIA_NFKB"
"TNF","TC6_cox_hap2000067.hg","HALLMARK_APOPTOSIS"
"TNF","TC6_apd_hap1000036.hg","HALLMARK_TNFA_SIGNALING_VIA_NFKB"
"TNF","TC6_apd_hap1000036.hg","HALLMARK_APOPTOSIS"
"TNF","TC6_dbb_hap3000058.hg","HALLMARK_TNFA_SIGNALING_VIA_NFKB"
"TNF","TC6_dbb_hap3000058.hg","HALLMARK_APOPTOSIS"
"TNF","TC6_mcf_hap5000053.hg","HALLMARK_TNFA_SIGNALING_VIA_NFKB"
"TNF","TC6_mcf_hap5000053.hg","HALLMARK_APOPTOSIS"
"TNF","TC6_mann_hap4000059.hg","HALLMARK_TNFA_SIGNALING_VIA_NFKB"
"TNF","TC6_mann_hap4000059.hg","HALLMARK_APOPTOSIS"
"TNF","TC06000371.hg","HALLMARK_TNFA_SIGNALING_VIA_NFKB"
"TNF","TC06000371.hg","HALLMARK_APOPTOSIS"
"TNFAIP2","TC14001883.hg","HALLMARK_TNFA_SIGNALING_VIA_NFKB"
"TNFAIP2","TC14000794.hg","HALLMARK_TNFA_SIGNALING_VIA_NFKB"
"TNFAIP3","TC06003084.hg","HALLMARK_TNFA_SIGNALING_VIA_NFKB"
"TNFAIP3","TC06001027.hg","HALLMARK_TNFA_SIGNALING_VIA_NFKB"
"TNFAIP6","TC02000937.hg","HALLMARK_TNFA_SIGNALING_VIA_NFKB"
"TNFAIP6","TC02000937.hg","HALLMARK_INFLAMMATORY_RESPONSE"
"TNFRSF11B","TC08001552.hg","HALLMARK_APICAL_JUNCTION"
"TNFRSF12A","TC16000095.hg","HALLMARK_APOPTOSIS"
"TNFRSF13C","TC22000835.hg","KEGG_INTESTINAL_IMMUNE_NETWORK_FOR_IGA_PRODUCTION"
"TNFRSF13C","TC22001360.hg","KEGG_INTESTINAL_IMMUNE_NETWORK_FOR_IGA_PRODUCTION"
"TNFRSF17","TC16000166.hg","KEGG_INTESTINAL_IMMUNE_NETWORK_FOR_IGA_PRODUCTION"
"TNFRSF1B","TC01000155.hg","HALLMARK_INFLAMMATORY_RESPONSE"
"TNFRSF9","TC01002163.hg","HALLMARK_INFLAMMATORY_RESPONSE"
"TNFRSF9","TC01002163.hg","HALLMARK_TNFA_SIGNALING_VIA_NFKB"
"TNFSF10","TC03002006.hg","HALLMARK_APOPTOSIS"
"TNFSF10","TC03002006.hg","HALLMARK_INFLAMMATORY_RESPONSE"
"TNFSF10","TC03003211.hg","HALLMARK_APOPTOSIS"
"TNFSF10","TC03003211.hg","HALLMARK_INFLAMMATORY_RESPONSE"
"TNFSF13","TC17002865.hg","KEGG_INTESTINAL_IMMUNE_NETWORK_FOR_IGA_PRODUCTION"
"TNFSF13B","TC13000383.hg","KEGG_INTESTINAL_IMMUNE_NETWORK_FOR_IGA_PRODUCTION"
"TNFSF15","TC09001515.hg","HALLMARK_INFLAMMATORY_RESPONSE"
"TNFSF9","TC19000117.hg","HALLMARK_INFLAMMATORY_RESPONSE"
"TNFSF9","TC19000117.hg","HALLMARK_TNFA_SIGNALING_VIA_NFKB"
"TNIP1","TC05003310.hg","HALLMARK_TNFA_SIGNALING_VIA_NFKB"
"TNIP1","TC05001946.hg","HALLMARK_TNFA_SIGNALING_VIA_NFKB"
"TNIP2","TC04000977.hg","HALLMARK_TNFA_SIGNALING_VIA_NFKB"
"TOP2A","TC17001462.hg","HALLMARK_APOPTOSIS"
"TOP2A","TC17002618.hg","HALLMARK_APOPTOSIS"
"TP53","TC17002468.hg","HALLMARK_WNT_BETA_CATENIN_SIGNALING"
"TP53","TC17001094.hg","HALLMARK_WNT_BETA_CATENIN_SIGNALING"
"TPBG","TC06000766.hg","HALLMARK_INFLAMMATORY_RESPONSE"
"TPBG","TC06002903.hg","HALLMARK_INFLAMMATORY_RESPONSE"
"TRAF1","TC09001541.hg","HALLMARK_TNFA_SIGNALING_VIA_NFKB"
"TRAF1","TC09001541.hg","HALLMARK_APICAL_JUNCTION"
"TRAF3","TC14000786.hg","REACTOME_ACTIVATED_TLR4_SIGNALLING"
"TRAF6","TC11001560.hg","REACTOME_ACTIVATED_TLR4_SIGNALLING"
"TRAF6","TC11003120.hg","REACTOME_ACTIVATED_TLR4_SIGNALLING"
"TRIB1","TC08000733.hg","HALLMARK_TNFA_SIGNALING_VIA_NFKB"
"TRIP10","TC19000118.hg","HALLMARK_TNFA_SIGNALING_VIA_NFKB"
"TRO","TC0X000325.hg","HALLMARK_APICAL_JUNCTION"
"TSC1","TC09001678.hg","HALLMARK_APICAL_JUNCTION"
"TSPO","TC22000362.hg","HALLMARK_APOPTOSIS"
"TUBB2A","TC06001226.hg","HALLMARK_TNFA_SIGNALING_VIA_NFKB"
"TUBB2A","TC06003369.hg","HALLMARK_TNFA_SIGNALING_VIA_NFKB"
"TUBB2A","TC06003365.hg","HALLMARK_TNFA_SIGNALING_VIA_NFKB"
"TUBB2A","TC06003368.hg","HALLMARK_TNFA_SIGNALING_VIA_NFKB"
"TUBG1","TC17000531.hg","HALLMARK_APICAL_JUNCTION"
"TXNIP","TC01001090.hg","HALLMARK_APOPTOSIS"
"TYMS","TC18000006.hg","GO_INTESTINAL_EPITHELIAL_CELL_DIFFERENTIATION"
"TYMS","TC18000006.hg","GO_INTESTINAL_EPITHELIAL_CELL_DEVELOPMENT"
"UBA52","TC19000360.hg","REACTOME_ACTIVATED_TLR4_SIGNALLING"
"UBE2N","TC12001815.hg","REACTOME_ACTIVATED_TLR4_SIGNALLING"
"VASP","TC19000649.hg","HALLMARK_APICAL_JUNCTION"
"VAV2","TC09001696.hg","HALLMARK_APICAL_JUNCTION"
"VCAM1","TC01000904.hg","HALLMARK_APICAL_JUNCTION"
"VCAN","TC05000412.hg","HALLMARK_APICAL_JUNCTION"
"VCL","TC10000476.hg","HALLMARK_APICAL_JUNCTION"
"VDAC2","TC10002137.hg","HALLMARK_APOPTOSIS"
"VDAC2","TC10000485.hg","HALLMARK_APOPTOSIS"
"VEGFA","TC06000608.hg","HALLMARK_TNFA_SIGNALING_VIA_NFKB"
"VEGFA","TC06002799.hg","HALLMARK_TNFA_SIGNALING_VIA_NFKB"
"VIP","TC06001110.hg","HALLMARK_INFLAMMATORY_RESPONSE"
"VWF","TC12001130.hg","HALLMARK_APICAL_JUNCTION"
"VWF","TC22001197.hg","HALLMARK_APICAL_JUNCTION"
"WASL","TC07001823.hg","HALLMARK_APICAL_JUNCTION"
"WEE1","TC11000174.hg","HALLMARK_APOPTOSIS"
"WNK4","TC17000536.hg","HALLMARK_APICAL_JUNCTION"
"WNT1","TC12000360.hg","HALLMARK_WNT_BETA_CATENIN_SIGNALING"
"WNT5B","TC12000017.hg","HALLMARK_WNT_BETA_CATENIN_SIGNALING"
"WNT6","TC02001313.hg","HALLMARK_WNT_BETA_CATENIN_SIGNALING"
"XIAP","TC0X001858.hg","HALLMARK_APOPTOSIS"
"XIAP","TC0X000604.hg","HALLMARK_APOPTOSIS"
"YIPF6","TC0X001748.hg","GO_INTESTINAL_EPITHELIAL_CELL_DEVELOPMENT"
"YIPF6","TC0X001748.hg","GO_INTESTINAL_EPITHELIAL_CELL_DIFFERENTIATION"
"YIPF6","TC0X000360.hg","GO_INTESTINAL_EPITHELIAL_CELL_DEVELOPMENT"
"YIPF6","TC0X000360.hg","GO_INTESTINAL_EPITHELIAL_CELL_DIFFERENTIATION"
"YRDC","TC01002525.hg","HALLMARK_TNFA_SIGNALING_VIA_NFKB"
"YWHAH","TC22000233.hg","HALLMARK_APICAL_JUNCTION"
"ZBTB10","TC08000512.hg","HALLMARK_TNFA_SIGNALING_VIA_NFKB"
"ZC3H12A","TC01000474.hg","HALLMARK_TNFA_SIGNALING_VIA_NFKB"
"ZFP36","TC19000544.hg","HALLMARK_TNFA_SIGNALING_VIA_NFKB"
"ZYX","TC07000935.hg","HALLMARK_APICAL_JUNCTION"
